URL_Length,URL_Depth,Domain_Age,Domain_End,Update_Age,Exact Length,Zero Count,Zero Prop,Period Prop,Special Count,Special Prop,Slash Count,Slash Prop,Check Words,Label
0,0,0,0,0,28,0,0.0,0.07142857142857142,6,0.21428571428571427,3,0.10714285714285714,25,0
0,0,0,0,0,30,0,0.0,0.06666666666666667,6,0.2,3,0.1,23,0
1,3,0,0,0,70,0,0.0,0.02857142857142857,13,0.18571428571428572,5,0.07142857142857142,39,0
0,0,1,1,0,27,0,0.0,0.1111111111111111,7,0.25925925925925924,3,0.1111111111111111,27,0
0,0,0,0,0,20,0,0.0,0.1,6,0.3,3,0.15,24,0
1,0,1,1,0,70,0,0.0,0.11428571428571428,11,0.15714285714285714,2,0.02857142857142857,12,0
1,3,1,1,0,70,1,0.014285714285714285,0.05714285714285714,10,0.14285714285714285,5,0.07142857142857142,32,0
1,1,0,1,0,63,0,0.0,0.06349206349206349,16,0.25396825396825395,7,0.1111111111111111,39,0
1,3,1,1,0,54,0,0.0,0.07407407407407407,12,0.2222222222222222,5,0.09259259259259259,8,0
1,2,1,0,0,70,1,0.014285714285714285,0.02857142857142857,7,0.1,4,0.05714285714285714,30,0
1,3,1,1,0,68,1,0.014705882352941176,0.058823529411764705,13,0.19117647058823528,5,0.07352941176470588,34,0
0,0,0,0,0,24,0,0.0,0.08333333333333333,7,0.2916666666666667,3,0.125,25,0
0,3,1,1,0,52,0,0.0,0.057692307692307696,10,0.19230769230769232,6,0.11538461538461539,15,0
1,4,0,0,0,70,0,0.0,0.05714285714285714,16,0.22857142857142856,6,0.08571428571428572,50,0
1,2,0,0,0,57,0,0.0,0.05263157894736842,10,0.17543859649122806,4,0.07017543859649122,17,0
0,2,1,1,0,37,0,0.0,0.05405405405405406,9,0.24324324324324326,5,0.13513513513513514,13,0
0,0,0,1,1,26,0,0.0,0.07692307692307693,6,0.23076923076923078,3,0.11538461538461539,25,0
1,4,0,0,1,61,0,0.0,0.03278688524590164,10,0.16393442622950818,7,0.11475409836065574,30,0
1,4,0,0,0,60,0,0.0,0.1,13,0.21666666666666667,6,0.1,20,0
0,2,1,1,0,30,0,0.0,0.06666666666666667,8,0.26666666666666666,5,0.16666666666666666,27,0
0,0,0,0,1,25,0,0.0,0.08,7,0.28,3,0.12,23,0
0,1,0,0,0,36,0,0.0,0.08333333333333333,8,0.2222222222222222,3,0.08333333333333333,16,0
0,1,0,1,0,49,0,0.0,0.061224489795918366,10,0.20408163265306123,3,0.061224489795918366,33,0
0,0,0,1,0,26,0,0.0,0.038461538461538464,5,0.19230769230769232,3,0.11538461538461539,26,0
0,0,0,0,0,33,0,0.0,0.06060606060606061,6,0.18181818181818182,3,0.09090909090909091,5,0
0,0,0,0,0,28,0,0.0,0.07142857142857142,6,0.21428571428571427,3,0.10714285714285714,23,0
0,2,1,1,0,53,0,0.0,0.05660377358490566,8,0.1509433962264151,4,0.07547169811320754,29,0
0,0,0,0,1,31,0,0.0,0.06451612903225806,6,0.1935483870967742,3,0.0967741935483871,27,0
0,0,0,0,0,29,0,0.0,0.06896551724137931,6,0.20689655172413793,3,0.10344827586206896,29,0
0,2,1,1,0,34,0,0.0,0.058823529411764705,7,0.20588235294117646,4,0.11764705882352941,26,0
0,2,1,0,0,32,1,0.03125,0.03125,7,0.21875,4,0.125,11,0
1,2,0,0,0,57,0,0.0,0.07017543859649122,10,0.17543859649122806,4,0.07017543859649122,33,0
0,2,0,0,0,42,0,0.0,0.07142857142857142,8,0.19047619047619047,4,0.09523809523809523,30,0
0,4,1,1,0,45,0,0.0,0.022222222222222223,9,0.2,6,0.13333333333333333,14,0
0,1,0,0,0,30,0,0.0,0.06666666666666667,6,0.2,3,0.1,27,0
0,2,0,0,0,36,0,0.0,0.027777777777777776,7,0.19444444444444445,5,0.1388888888888889,28,0
0,0,0,1,0,26,0,0.0,0.11538461538461539,7,0.2692307692307692,3,0.11538461538461539,10,0
0,0,0,0,0,31,0,0.0,0.06451612903225806,6,0.1935483870967742,3,0.0967741935483871,28,0
0,0,0,0,0,23,0,0.0,0.08695652173913043,6,0.2608695652173913,3,0.13043478260869565,23,0
1,4,0,0,0,70,0,0.0,0.02857142857142857,10,0.14285714285714285,6,0.08571428571428572,34,0
0,0,0,0,0,38,0,0.0,0.10526315789473684,8,0.21052631578947367,3,0.07894736842105263,20,0
0,0,1,1,0,31,0,0.0,0.06451612903225806,6,0.1935483870967742,3,0.0967741935483871,7,0
0,2,1,0,0,39,0,0.0,0.05128205128205128,7,0.1794871794871795,4,0.10256410256410256,12,0
0,0,0,0,0,21,0,0.0,0.09523809523809523,6,0.2857142857142857,3,0.14285714285714285,24,0
0,0,0,0,0,34,0,0.0,0.058823529411764705,6,0.17647058823529413,3,0.08823529411764706,32,0
1,6,1,1,0,70,0,0.0,0.04285714285714286,13,0.18571428571428572,8,0.11428571428571428,35,0
0,0,0,0,0,30,0,0.0,0.06666666666666667,6,0.2,3,0.1,27,0
0,0,0,0,1,27,0,0.0,0.07407407407407407,6,0.2222222222222222,3,0.1111111111111111,27,0
1,4,1,1,0,62,3,0.04838709677419355,0.04838709677419355,14,0.22580645161290322,6,0.0967741935483871,9,0
1,3,0,1,0,70,3,0.04285714285714286,0.02857142857142857,12,0.17142857142857143,5,0.07142857142857142,33,0
0,1,1,1,0,34,0,0.0,0.029411764705882353,5,0.14705882352941177,3,0.08823529411764706,9,0
0,1,0,1,0,45,0,0.0,0.06666666666666667,9,0.2,3,0.06666666666666667,28,0
1,3,0,0,0,67,0,0.0,0.04477611940298507,12,0.1791044776119403,5,0.07462686567164178,33,0
0,0,0,0,0,29,0,0.0,0.06896551724137931,6,0.20689655172413793,3,0.10344827586206896,29,0
0,2,1,1,0,42,1,0.023809523809523808,0.047619047619047616,9,0.21428571428571427,5,0.11904761904761904,15,0
0,0,0,0,1,30,0,0.0,0.06666666666666667,6,0.2,3,0.1,26,0
1,3,0,0,0,70,1,0.014285714285714285,0.02857142857142857,8,0.11428571428571428,5,0.07142857142857142,11,0
0,0,0,0,0,32,0,0.0,0.0625,6,0.1875,3,0.09375,25,0
0,0,0,0,0,25,0,0.0,0.08,6,0.24,3,0.12,32,0
0,3,1,1,0,51,0,0.0,0.0784313725490196,10,0.19607843137254902,5,0.09803921568627451,35,0
0,0,0,0,0,31,0,0.0,0.0967741935483871,7,0.22580645161290322,3,0.0967741935483871,14,0
1,5,0,0,0,60,2,0.03333333333333333,0.03333333333333333,12,0.2,8,0.13333333333333333,31,0
0,2,0,0,0,33,0,0.0,0.09090909090909091,8,0.24242424242424243,4,0.12121212121212122,29,0
0,2,1,1,0,35,0,0.0,0.05714285714285714,7,0.2,4,0.11428571428571428,10,0
1,3,0,0,0,54,0,0.0,0.05555555555555555,10,0.18518518518518517,5,0.09259259259259259,16,0
0,0,1,1,0,21,0,0.0,0.14285714285714285,7,0.3333333333333333,3,0.14285714285714285,9,0
1,4,0,0,0,58,0,0.0,0.05172413793103448,10,0.1724137931034483,6,0.10344827586206896,37,0
0,0,0,0,0,36,0,0.0,0.05555555555555555,6,0.16666666666666666,3,0.08333333333333333,26,0
0,0,0,1,0,25,0,0.0,0.08,6,0.24,3,0.12,12,0
1,2,0,0,0,70,0,0.0,0.05714285714285714,11,0.15714285714285714,4,0.05714285714285714,37,0
0,0,0,0,0,39,0,0.0,0.10256410256410256,9,0.23076923076923078,3,0.07692307692307693,17,0
0,0,0,0,0,30,0,0.0,0.06666666666666667,6,0.2,3,0.1,29,0
0,5,1,0,0,44,0,0.0,0.045454545454545456,11,0.25,8,0.18181818181818182,8,0
0,0,0,1,0,24,0,0.0,0.08333333333333333,7,0.2916666666666667,3,0.125,28,0
0,0,0,0,0,29,0,0.0,0.06896551724137931,6,0.20689655172413793,3,0.10344827586206896,12,0
1,2,1,0,0,70,7,0.1,0.02857142857142857,8,0.11428571428571428,4,0.05714285714285714,12,0
0,1,1,1,0,47,0,0.0,0.06382978723404255,9,0.19148936170212766,3,0.06382978723404255,12,0
0,0,1,0,0,21,0,0.0,0.09523809523809523,6,0.2857142857142857,3,0.14285714285714285,5,0
0,0,0,0,0,27,0,0.0,0.07407407407407407,6,0.2222222222222222,3,0.1111111111111111,23,0
0,1,1,1,0,29,0,0.0,0.10344827586206896,8,0.27586206896551724,4,0.13793103448275862,11,0
0,0,0,0,0,37,0,0.0,0.10810810810810811,8,0.21621621621621623,3,0.08108108108108109,18,0
1,5,1,1,0,59,0,0.0,0.06779661016949153,13,0.22033898305084745,7,0.11864406779661017,8,0
0,0,1,1,0,28,0,0.0,0.07142857142857142,7,0.25,3,0.10714285714285714,6,0
0,1,0,1,0,49,0,0.0,0.061224489795918366,7,0.14285714285714285,3,0.061224489795918366,28,0
1,5,0,0,0,62,0,0.0,0.04838709677419355,12,0.1935483870967742,7,0.11290322580645161,26,0
0,2,0,0,0,36,0,0.0,0.027777777777777776,7,0.19444444444444445,5,0.1388888888888889,27,0
1,2,1,1,0,70,0,0.0,0.07142857142857142,19,0.2714285714285714,9,0.12857142857142856,23,0
1,5,0,0,0,70,4,0.05714285714285714,0.02857142857142857,10,0.14285714285714285,7,0.1,12,0
0,0,0,1,0,30,0,0.0,0.06666666666666667,6,0.2,3,0.1,25,0
0,0,0,1,0,30,0,0.0,0.06666666666666667,6,0.2,3,0.1,32,0
0,2,1,1,0,41,0,0.0,0.07317073170731707,8,0.1951219512195122,4,0.0975609756097561,24,0
1,4,0,0,0,70,0,0.0,0.014285714285714285,12,0.17142857142857143,6,0.08571428571428572,32,0
0,1,0,0,0,35,1,0.02857142857142857,0.08571428571428572,8,0.22857142857142856,3,0.08571428571428572,23,0
0,0,0,1,0,32,0,0.0,0.0625,6,0.1875,3,0.09375,33,0
0,1,1,0,0,34,0,0.0,0.029411764705882353,5,0.14705882352941177,3,0.08823529411764706,28,0
0,3,1,1,0,51,0,0.0,0.0784313725490196,10,0.19607843137254902,5,0.09803921568627451,18,0
0,0,0,1,0,21,0,0.0,0.09523809523809523,6,0.2857142857142857,3,0.14285714285714285,23,0
1,5,1,1,0,57,0,0.0,0.017543859649122806,10,0.17543859649122806,8,0.14035087719298245,33,0
0,2,1,1,0,41,1,0.024390243902439025,0.12195121951219512,12,0.2926829268292683,5,0.12195121951219512,12,0
1,1,0,0,0,59,0,0.0,0.05084745762711865,11,0.1864406779661017,3,0.05084745762711865,33,0
1,3,0,0,0,70,0,0.0,0.02857142857142857,9,0.12857142857142856,5,0.07142857142857142,43,0
0,1,0,0,0,32,0,0.0,0.09375,7,0.21875,3,0.09375,25,0
1,7,0,0,0,70,0,0.0,0.02857142857142857,14,0.2,9,0.12857142857142856,39,0
0,1,1,0,0,25,0,0.0,0.08,7,0.28,4,0.16,6,0
0,0,0,0,0,40,0,0.0,0.05,6,0.15,3,0.075,26,0
0,1,1,1,0,26,0,0.0,0.07692307692307693,7,0.2692307692307692,4,0.15384615384615385,9,0
1,3,0,1,0,70,4,0.05714285714285714,0.014285714285714285,8,0.11428571428571428,6,0.08571428571428572,30,0
0,0,0,0,0,34,0,0.0,0.14705882352941177,9,0.2647058823529412,3,0.08823529411764706,17,0
0,0,1,1,0,36,0,0.0,0.05555555555555555,5,0.1388888888888889,2,0.05555555555555555,16,0
0,0,1,1,0,25,0,0.0,0.04,5,0.2,3,0.12,12,0
0,0,0,1,1,34,0,0.0,0.058823529411764705,6,0.17647058823529413,3,0.08823529411764706,7,0
0,3,0,1,0,41,0,0.0,0.04878048780487805,8,0.1951219512195122,5,0.12195121951219512,34,0
0,3,1,1,0,43,0,0.0,0.046511627906976744,9,0.20930232558139536,6,0.13953488372093023,28,0
1,4,1,0,0,70,1,0.014285714285714285,0.02857142857142857,9,0.12857142857142856,6,0.08571428571428572,14,0
0,2,0,0,0,38,0,0.0,0.05263157894736842,8,0.21052631578947367,4,0.10526315789473684,25,0
1,5,1,1,0,70,0,0.0,0.08571428571428572,16,0.22857142857142856,8,0.11428571428571428,39,0
0,0,0,0,0,25,0,0.0,0.08,6,0.24,3,0.12,23,0
0,0,0,0,0,35,0,0.0,0.05714285714285714,7,0.2,3,0.08571428571428572,7,0
0,0,0,0,0,28,0,0.0,0.07142857142857142,6,0.21428571428571427,3,0.10714285714285714,29,0
0,2,0,0,0,37,0,0.0,0.08108108108108109,8,0.21621621621621623,4,0.10810810810810811,29,0
0,0,0,0,0,50,0,0.0,0.06,7,0.14,3,0.06,11,0
0,1,0,0,0,38,1,0.02631578947368421,0.07894736842105263,7,0.18421052631578946,3,0.07894736842105263,28,0
1,4,0,0,0,70,0,0.0,0.02857142857142857,10,0.14285714285714285,6,0.08571428571428572,41,0
0,0,0,0,0,24,0,0.0,0.08333333333333333,7,0.2916666666666667,3,0.125,10,0
0,2,1,1,0,49,0,0.0,0.08163265306122448,10,0.20408163265306123,4,0.08163265306122448,13,0
0,0,0,0,0,22,0,0.0,0.09090909090909091,6,0.2727272727272727,3,0.13636363636363635,25,0
0,0,0,1,0,27,0,0.0,0.07407407407407407,6,0.2222222222222222,3,0.1111111111111111,23,0
0,1,1,0,0,37,0,0.0,0.05405405405405406,8,0.21621621621621623,4,0.10810810810810811,31,0
0,0,1,1,0,22,0,0.0,0.09090909090909091,6,0.2727272727272727,3,0.13636363636363635,7,0
0,0,0,0,0,32,0,0.0,0.0625,6,0.1875,3,0.09375,27,0
1,2,1,1,0,66,2,0.030303030303030304,0.030303030303030304,8,0.12121212121212122,5,0.07575757575757576,31,0
0,1,1,1,0,38,0,0.0,0.05263157894736842,7,0.18421052631578946,4,0.10526315789473684,30,0
1,2,0,0,0,70,0,0.0,0.02857142857142857,7,0.1,4,0.05714285714285714,33,0
1,3,1,1,0,70,0,0.0,0.04285714285714286,9,0.12857142857142856,5,0.07142857142857142,11,0
0,2,1,1,0,43,0,0.0,0.06976744186046512,8,0.18604651162790697,4,0.09302325581395349,11,0
0,1,0,0,0,29,0,0.0,0.06896551724137931,6,0.20689655172413793,3,0.10344827586206896,9,0
0,0,0,1,0,16,0,0.0,0.0625,5,0.3125,3,0.1875,8,0
0,2,1,0,0,51,0,0.0,0.058823529411764705,10,0.19607843137254902,5,0.09803921568627451,30,0
0,0,0,0,0,23,0,0.0,0.08695652173913043,6,0.2608695652173913,3,0.13043478260869565,26,0
0,0,1,0,0,24,0,0.0,0.125,7,0.2916666666666667,3,0.125,10,0
1,2,0,0,0,56,0,0.0,0.03571428571428571,11,0.19642857142857142,4,0.07142857142857142,11,0
1,5,0,0,0,70,0,0.0,0.02857142857142857,10,0.14285714285714285,7,0.1,38,0
0,1,0,0,0,41,0,0.0,0.04878048780487805,7,0.17073170731707318,4,0.0975609756097561,35,0
1,0,1,1,0,70,0,0.0,0.1,10,0.14285714285714285,2,0.02857142857142857,28,0
0,3,1,1,0,45,0,0.0,0.06666666666666667,11,0.24444444444444444,6,0.13333333333333333,10,0
0,0,1,0,0,22,0,0.0,0.09090909090909091,6,0.2727272727272727,3,0.13636363636363635,10,0
1,4,1,1,0,70,1,0.014285714285714285,0.04285714285714286,13,0.18571428571428572,6,0.08571428571428572,28,0
0,2,1,1,0,53,0,0.0,0.05660377358490566,9,0.16981132075471697,5,0.09433962264150944,39,0
0,2,0,0,0,35,0,0.0,0.02857142857142857,6,0.17142857142857143,4,0.11428571428571428,26,0
0,0,0,0,0,37,0,0.0,0.08108108108108109,7,0.1891891891891892,3,0.08108108108108109,30,0
1,3,1,1,0,58,0,0.0,0.05172413793103448,10,0.1724137931034483,6,0.10344827586206896,30,0
1,5,1,1,0,60,0,0.0,0.016666666666666666,10,0.16666666666666666,7,0.11666666666666667,14,0
1,2,1,1,0,70,0,0.0,0.04285714285714286,8,0.11428571428571428,4,0.05714285714285714,39,0
0,3,1,1,0,45,0,0.0,0.06666666666666667,9,0.2,5,0.1111111111111111,18,0
0,0,0,0,0,27,0,0.0,0.07407407407407407,6,0.2222222222222222,3,0.1111111111111111,28,0
0,0,0,1,0,22,0,0.0,0.09090909090909091,6,0.2727272727272727,3,0.13636363636363635,26,0
0,0,0,0,0,23,0,0.0,0.08695652173913043,6,0.2608695652173913,3,0.13043478260869565,27,0
0,0,0,0,0,35,0,0.0,0.05714285714285714,6,0.17142857142857143,3,0.08571428571428572,28,0
0,2,1,1,0,53,1,0.018867924528301886,0.05660377358490566,9,0.16981132075471697,4,0.07547169811320754,18,0
0,0,0,0,0,20,0,0.0,0.05,5,0.25,3,0.15,9,0
0,0,0,0,0,33,0,0.0,0.06060606060606061,7,0.21212121212121213,3,0.09090909090909091,25,0
0,2,0,0,1,40,0,0.0,0.05,8,0.2,5,0.125,26,0
0,0,1,1,0,25,0,0.0,0.04,5,0.2,3,0.12,7,0
0,0,0,0,0,29,0,0.0,0.06896551724137931,6,0.20689655172413793,3,0.10344827586206896,23,0
0,0,0,0,0,24,1,0.041666666666666664,0.041666666666666664,5,0.20833333333333334,3,0.125,23,0
0,3,1,0,0,42,0,0.0,0.047619047619047616,9,0.21428571428571427,6,0.14285714285714285,27,0
1,6,0,0,0,70,0,0.0,0.04285714285714286,12,0.17142857142857143,8,0.11428571428571428,22,0
0,0,0,0,0,21,0,0.0,0.047619047619047616,5,0.23809523809523808,3,0.14285714285714285,26,0
0,3,0,0,0,47,0,0.0,0.0425531914893617,8,0.1702127659574468,5,0.10638297872340426,29,0
0,0,0,0,0,32,0,0.0,0.0625,6,0.1875,3,0.09375,28,0
1,4,1,1,0,70,0,0.0,0.014285714285714285,10,0.14285714285714285,6,0.08571428571428572,19,0
1,3,1,1,0,54,0,0.0,0.037037037037037035,8,0.14814814814814814,5,0.09259259259259259,33,0
1,3,1,0,0,70,0,0.0,0.05714285714285714,11,0.15714285714285714,5,0.07142857142857142,16,0
1,5,0,0,0,64,0,0.0,0.046875,11,0.171875,7,0.109375,36,0
0,0,0,0,0,26,0,0.0,0.07692307692307693,6,0.23076923076923078,3,0.11538461538461539,27,0
0,0,0,0,0,23,0,0.0,0.08695652173913043,6,0.2608695652173913,3,0.13043478260869565,27,0
0,0,0,0,0,25,0,0.0,0.08,7,0.28,3,0.12,29,0
0,1,1,1,0,26,0,0.0,0.07692307692307693,7,0.2692307692307692,4,0.15384615384615385,8,0
0,1,1,1,0,47,0,0.0,0.02127659574468085,6,0.1276595744680851,4,0.0851063829787234,31,0
1,2,0,0,0,70,0,0.0,0.05714285714285714,15,0.21428571428571427,4,0.05714285714285714,37,0
0,1,1,1,0,33,0,0.0,0.09090909090909091,9,0.2727272727272727,4,0.12121212121212122,10,0
1,6,1,1,0,64,0,0.0,0.046875,12,0.1875,8,0.125,31,0
1,4,0,0,0,65,0,0.0,0.07692307692307693,13,0.2,6,0.09230769230769231,24,0
0,1,0,1,0,36,0,0.0,0.05555555555555555,8,0.2222222222222222,4,0.1111111111111111,28,0
0,0,0,0,1,27,0,0.0,0.07407407407407407,8,0.2962962962962963,3,0.1111111111111111,29,0
0,0,0,1,0,28,0,0.0,0.03571428571428571,5,0.17857142857142858,3,0.10714285714285714,27,0
1,3,0,0,0,70,0,0.0,0.02857142857142857,8,0.11428571428571428,5,0.07142857142857142,25,0
1,3,0,0,0,70,1,0.014285714285714285,0.02857142857142857,8,0.11428571428571428,5,0.07142857142857142,16,0
0,0,0,0,0,27,0,0.0,0.07407407407407407,6,0.2222222222222222,3,0.1111111111111111,24,0
1,1,0,1,0,70,3,0.04285714285714286,0.014285714285714285,9,0.12857142857142856,3,0.04285714285714286,22,0
0,0,0,0,0,27,0,0.0,0.07407407407407407,6,0.2222222222222222,3,0.1111111111111111,24,0
0,1,0,0,0,29,0,0.0,0.06896551724137931,6,0.20689655172413793,3,0.10344827586206896,32,0
0,0,0,0,0,25,0,0.0,0.08,6,0.24,3,0.12,25,0
1,4,1,1,0,59,0,0.0,0.05084745762711865,11,0.1864406779661017,6,0.1016949152542373,25,0
1,2,0,0,0,70,3,0.04285714285714286,0.02857142857142857,8,0.11428571428571428,4,0.05714285714285714,11,0
1,3,1,0,0,70,1,0.014285714285714285,0.02857142857142857,12,0.17142857142857143,5,0.07142857142857142,37,0
0,0,0,0,0,25,0,0.0,0.08,6,0.24,3,0.12,23,0
0,0,0,0,0,34,0,0.0,0.058823529411764705,6,0.17647058823529413,3,0.08823529411764706,36,0
0,0,0,0,0,30,0,0.0,0.06666666666666667,6,0.2,3,0.1,31,0
0,1,1,0,0,33,0,0.0,0.06060606060606061,7,0.21212121212121213,4,0.12121212121212122,10,0
0,3,0,0,0,36,0,0.0,0.027777777777777776,8,0.2222222222222222,6,0.16666666666666666,10,0
0,0,1,0,0,25,0,0.0,0.08,6,0.24,3,0.12,5,0
0,2,0,0,0,36,0,0.0,0.05555555555555555,7,0.19444444444444445,4,0.1111111111111111,12,0
1,5,1,1,0,70,0,0.0,0.02857142857142857,11,0.15714285714285714,7,0.1,36,0
0,0,0,0,1,21,0,0.0,0.09523809523809523,6,0.2857142857142857,3,0.14285714285714285,23,0
1,0,1,1,0,70,1,0.014285714285714285,0.08571428571428572,9,0.12857142857142856,2,0.02857142857142857,39,0
0,0,0,1,0,25,0,0.0,0.08,6,0.24,3,0.12,28,0
0,0,0,0,0,25,0,0.0,0.08,6,0.24,3,0.12,23,0
0,0,1,1,0,37,0,0.0,0.08108108108108109,7,0.1891891891891892,3,0.08108108108108109,14,0
1,3,1,1,0,64,0,0.0,0.09375,15,0.234375,6,0.09375,42,0
0,3,1,0,0,44,0,0.0,0.022727272727272728,9,0.20454545454545456,6,0.13636363636363635,25,0
0,0,0,0,0,29,0,0.0,0.06896551724137931,6,0.20689655172413793,3,0.10344827586206896,29,0
0,0,1,1,0,27,0,0.0,0.07407407407407407,6,0.2222222222222222,3,0.1111111111111111,9,0
1,3,1,0,0,70,2,0.02857142857142857,0.02857142857142857,8,0.11428571428571428,5,0.07142857142857142,30,0
0,0,0,0,0,32,0,0.0,0.0625,6,0.1875,3,0.09375,31,0
0,0,0,0,1,24,0,0.0,0.08333333333333333,6,0.25,3,0.125,25,0
0,0,0,0,0,27,0,0.0,0.07407407407407407,6,0.2222222222222222,3,0.1111111111111111,9,0
0,0,0,0,0,32,0,0.0,0.09375,7,0.21875,3,0.09375,14,0
1,1,1,0,0,70,0,0.0,0.02857142857142857,13,0.18571428571428572,3,0.04285714285714286,38,0
1,3,1,1,0,58,0,0.0,0.08620689655172414,12,0.20689655172413793,5,0.08620689655172414,17,0
0,0,1,1,0,30,0,0.0,0.1,7,0.23333333333333334,3,0.1,26,0
0,2,1,1,0,37,0,0.0,0.05405405405405406,8,0.21621621621621623,5,0.13513513513513514,15,0
0,1,1,1,0,47,1,0.02127659574468085,0.06382978723404255,8,0.1702127659574468,3,0.06382978723404255,12,0
0,1,0,0,0,41,0,0.0,0.07317073170731707,7,0.17073170731707318,3,0.07317073170731707,31,0
0,1,1,1,0,46,0,0.0,0.08695652173913043,9,0.1956521739130435,4,0.08695652173913043,36,0
1,5,1,1,0,70,0,0.0,0.014285714285714285,12,0.17142857142857143,7,0.1,20,0
1,8,1,1,0,59,0,0.0,0.03389830508474576,15,0.2542372881355932,11,0.1864406779661017,17,0
0,1,1,1,0,32,0,0.0,0.09375,8,0.25,4,0.125,27,0
0,2,0,0,0,38,0,0.0,0.05263157894736842,8,0.21052631578947367,5,0.13157894736842105,30,0
1,3,1,1,0,54,0,0.0,0.05555555555555555,9,0.16666666666666666,5,0.09259259259259259,28,0
1,3,1,0,0,70,0,0.0,0.05714285714285714,11,0.15714285714285714,5,0.07142857142857142,16,0
0,3,0,0,0,36,0,0.0,0.05555555555555555,9,0.25,6,0.16666666666666666,18,0
0,1,0,0,0,36,0,0.0,0.08333333333333333,8,0.2222222222222222,3,0.08333333333333333,33,0
0,0,0,0,0,41,0,0.0,0.0975609756097561,8,0.1951219512195122,3,0.07317073170731707,17,0
0,0,0,0,0,26,0,0.0,0.07692307692307693,6,0.23076923076923078,3,0.11538461538461539,23,0
1,6,1,0,0,70,0,0.0,0.04285714285714286,13,0.18571428571428572,8,0.11428571428571428,39,0
0,0,0,0,1,25,0,0.0,0.08,6,0.24,3,0.12,26,0
1,4,1,1,0,70,2,0.02857142857142857,0.02857142857142857,11,0.15714285714285714,6,0.08571428571428572,20,0
1,3,0,0,0,70,0,0.0,0.014285714285714285,11,0.15714285714285714,5,0.07142857142857142,37,0
1,5,0,0,0,92,1,0.010869565217391304,0.03260869565217391,15,0.16304347826086957,7,0.07608695652173914,41,0
1,3,0,0,0,70,3,0.04285714285714286,0.014285714285714285,7,0.1,5,0.07142857142857142,33,0
1,3,0,0,0,70,2,0.02857142857142857,0.02857142857142857,8,0.11428571428571428,5,0.07142857142857142,34,0
0,3,1,1,0,49,1,0.02040816326530612,0.061224489795918366,10,0.20408163265306123,5,0.10204081632653061,34,0
1,5,0,0,0,71,0,0.0,0.04225352112676056,13,0.18309859154929578,7,0.09859154929577464,24,0
0,0,0,0,0,29,0,0.0,0.06896551724137931,6,0.20689655172413793,3,0.10344827586206896,30,0
0,1,0,0,0,40,0,0.0,0.05,8,0.2,4,0.1,17,0
0,0,0,0,1,45,0,0.0,0.044444444444444446,6,0.13333333333333333,3,0.06666666666666667,41,0
0,0,0,0,0,31,0,0.0,0.06451612903225806,6,0.1935483870967742,3,0.0967741935483871,7,0
1,3,0,0,0,60,1,0.016666666666666666,0.016666666666666666,7,0.11666666666666667,5,0.08333333333333333,26,0
1,3,1,0,0,58,0,0.0,0.034482758620689655,9,0.15517241379310345,5,0.08620689655172414,32,0
0,2,0,0,0,46,1,0.021739130434782608,0.043478260869565216,7,0.15217391304347827,4,0.08695652173913043,35,0
0,0,0,0,0,22,0,0.0,0.09090909090909091,6,0.2727272727272727,3,0.13636363636363635,23,0
0,3,1,1,0,53,1,0.018867924528301886,0.05660377358490566,9,0.16981132075471697,5,0.09433962264150944,32,0
0,0,0,0,0,24,0,0.0,0.08333333333333333,6,0.25,3,0.125,25,0
1,5,0,0,0,70,1,0.014285714285714285,0.02857142857142857,11,0.15714285714285714,7,0.1,36,0
0,0,0,0,0,27,0,0.0,0.07407407407407407,6,0.2222222222222222,3,0.1111111111111111,48,0
0,3,1,1,0,41,0,0.0,0.07317073170731707,9,0.21951219512195122,5,0.12195121951219512,15,0
0,2,1,1,0,41,0,0.0,0.07317073170731707,8,0.1951219512195122,4,0.0975609756097561,35,0
0,1,1,1,0,31,0,0.0,0.0967741935483871,9,0.2903225806451613,4,0.12903225806451613,10,0
0,2,1,0,1,48,0,0.0,0.0625,8,0.16666666666666666,4,0.08333333333333333,15,0
1,2,0,0,0,70,1,0.014285714285714285,0.05714285714285714,9,0.12857142857142856,4,0.05714285714285714,31,0
1,4,0,1,0,70,2,0.02857142857142857,0.02857142857142857,10,0.14285714285714285,6,0.08571428571428572,20,0
0,1,0,0,0,33,0,0.0,0.030303030303030304,5,0.15151515151515152,3,0.09090909090909091,25,0
0,0,0,0,0,27,0,0.0,0.07407407407407407,6,0.2222222222222222,3,0.1111111111111111,26,0
1,1,1,1,0,70,0,0.0,0.08571428571428572,11,0.15714285714285714,3,0.04285714285714286,45,0
1,1,0,1,0,54,0,0.0,0.05555555555555555,9,0.16666666666666666,3,0.05555555555555555,34,0
0,0,0,0,0,27,0,0.0,0.07407407407407407,6,0.2222222222222222,3,0.1111111111111111,5,0
1,3,0,0,0,70,0,0.0,0.04285714285714286,11,0.15714285714285714,5,0.07142857142857142,38,0
0,0,0,0,1,30,0,0.0,0.06666666666666667,6,0.2,3,0.1,31,0
0,3,1,1,0,44,0,0.0,0.045454545454545456,8,0.18181818181818182,5,0.11363636363636363,13,0
0,1,1,1,0,44,0,0.0,0.06818181818181818,9,0.20454545454545456,3,0.06818181818181818,16,0
1,3,1,0,0,70,2,0.02857142857142857,0.02857142857142857,8,0.11428571428571428,5,0.07142857142857142,30,0
0,3,0,1,1,52,0,0.0,0.057692307692307696,9,0.17307692307692307,5,0.09615384615384616,36,0
1,4,1,1,0,70,1,0.014285714285714285,0.04285714285714286,12,0.17142857142857143,7,0.1,34,0
0,4,1,1,0,53,0,0.0,0.05660377358490566,11,0.20754716981132076,6,0.11320754716981132,35,0
0,1,0,0,0,34,0,0.0,0.08823529411764706,8,0.23529411764705882,4,0.11764705882352941,9,0
0,0,0,0,0,23,0,0.0,0.043478260869565216,5,0.21739130434782608,3,0.13043478260869565,26,0
1,2,0,0,0,60,1,0.016666666666666666,0.016666666666666666,7,0.11666666666666667,5,0.08333333333333333,29,0
1,4,0,0,0,60,0,0.0,0.1,13,0.21666666666666667,6,0.1,22,0
0,0,0,0,1,26,0,0.0,0.07692307692307693,6,0.23076923076923078,3,0.11538461538461539,28,0
1,3,1,1,0,67,1,0.014925373134328358,0.04477611940298507,10,0.14925373134328357,6,0.08955223880597014,27,0
0,0,0,0,0,23,0,0.0,0.08695652173913043,6,0.2608695652173913,3,0.13043478260869565,27,0
1,1,0,0,0,70,4,0.05714285714285714,0.014285714285714285,10,0.14285714285714285,4,0.05714285714285714,23,0
0,0,0,1,0,31,0,0.0,0.0967741935483871,7,0.22580645161290322,3,0.0967741935483871,14,0
1,3,0,0,0,70,0,0.0,0.014285714285714285,7,0.1,5,0.07142857142857142,35,0
0,0,1,0,0,27,0,0.0,0.07407407407407407,6,0.2222222222222222,3,0.1111111111111111,14,0
0,0,0,0,0,29,0,0.0,0.06896551724137931,6,0.20689655172413793,3,0.10344827586206896,27,0
0,0,0,0,0,33,0,0.0,0.06060606060606061,6,0.18181818181818182,3,0.09090909090909091,30,0
0,0,0,1,0,32,0,0.0,0.0625,6,0.1875,3,0.09375,26,0
0,2,1,1,0,40,0,0.0,0.075,8,0.2,4,0.1,27,0
1,2,0,0,0,70,0,0.0,0.02857142857142857,10,0.14285714285714285,4,0.05714285714285714,36,0
0,0,0,0,0,26,0,0.0,0.07692307692307693,6,0.23076923076923078,3,0.11538461538461539,5,0
0,1,1,1,0,40,0,0.0,0.075,9,0.225,4,0.1,13,0
1,3,1,1,0,70,0,0.0,0.1,18,0.2571428571428571,7,0.1,36,0
0,0,0,0,0,26,0,0.0,0.07692307692307693,6,0.23076923076923078,3,0.11538461538461539,23,0
0,2,1,0,0,46,0,0.0,0.043478260869565216,8,0.17391304347826086,5,0.10869565217391304,16,0
0,2,1,0,0,38,0,0.0,0.05263157894736842,8,0.21052631578947367,5,0.13157894736842105,28,0
0,0,0,0,0,24,0,0.0,0.041666666666666664,5,0.20833333333333334,3,0.125,26,0
0,3,1,1,0,46,0,0.0,0.06521739130434782,10,0.21739130434782608,5,0.10869565217391304,28,0
0,0,0,0,0,27,0,0.0,0.07407407407407407,6,0.2222222222222222,3,0.1111111111111111,12,0
0,2,1,1,0,45,0,0.0,0.08888888888888889,10,0.2222222222222222,4,0.08888888888888889,15,0
0,3,0,0,0,35,0,0.0,0.05714285714285714,9,0.2571428571428571,6,0.17142857142857143,27,0
0,0,1,1,0,25,0,0.0,0.08,6,0.24,3,0.12,4,0
0,0,0,0,0,37,0,0.0,0.05405405405405406,6,0.16216216216216217,3,0.08108108108108109,26,0
0,0,0,0,0,25,0,0.0,0.08,7,0.28,3,0.12,24,0
1,2,1,1,0,70,0,0.0,0.04285714285714286,11,0.15714285714285714,4,0.05714285714285714,30,0
0,4,1,1,0,51,0,0.0,0.058823529411764705,12,0.23529411764705882,7,0.13725490196078433,33,0
1,5,0,0,0,108,0,0.0,0.027777777777777776,17,0.1574074074074074,7,0.06481481481481481,49,0
0,3,1,1,0,42,0,0.0,0.07142857142857142,9,0.21428571428571427,5,0.11904761904761904,12,0
0,2,1,1,0,42,0,0.0,0.047619047619047616,7,0.16666666666666666,4,0.09523809523809523,12,0
1,4,0,0,1,70,0,0.0,0.02857142857142857,10,0.14285714285714285,6,0.08571428571428572,35,0
1,4,0,0,0,70,1,0.014285714285714285,0.014285714285714285,9,0.12857142857142856,6,0.08571428571428572,38,0
0,0,0,0,0,25,0,0.0,0.08,6,0.24,3,0.12,23,0
0,2,1,1,0,31,0,0.0,0.03225806451612903,8,0.25806451612903225,5,0.16129032258064516,6,0
0,0,0,0,0,24,0,0.0,0.08333333333333333,6,0.25,3,0.125,25,0
0,1,0,1,0,35,0,0.0,0.05714285714285714,6,0.17142857142857143,3,0.08571428571428572,27,0
0,4,0,1,0,50,0,0.0,0.04,10,0.2,6,0.12,12,0
1,4,1,1,0,70,0,0.0,0.014285714285714285,10,0.14285714285714285,6,0.08571428571428572,19,0
0,0,0,0,0,29,0,0.0,0.06896551724137931,6,0.20689655172413793,3,0.10344827586206896,12,0
0,0,0,1,0,27,0,0.0,0.07407407407407407,6,0.2222222222222222,3,0.1111111111111111,10,0
0,0,0,0,0,29,0,0.0,0.06896551724137931,6,0.20689655172413793,3,0.10344827586206896,24,0
0,3,1,1,0,53,0,0.0,0.05660377358490566,11,0.20754716981132076,6,0.11320754716981132,27,0
0,1,1,1,0,31,0,0.0,0.06451612903225806,7,0.22580645161290322,4,0.12903225806451613,13,0
0,0,0,0,0,25,0,0.0,0.08,6,0.24,3,0.12,25,0
0,3,1,0,0,51,0,0.0,0.0392156862745098,9,0.17647058823529413,5,0.09803921568627451,29,0
0,1,0,1,0,36,0,0.0,0.027777777777777776,7,0.19444444444444445,4,0.1111111111111111,9,0
1,4,1,1,0,70,1,0.014285714285714285,0.02857142857142857,9,0.12857142857142856,6,0.08571428571428572,8,0
0,0,0,1,0,27,0,0.0,0.07407407407407407,6,0.2222222222222222,3,0.1111111111111111,27,0
0,0,0,0,0,30,0,0.0,0.06666666666666667,6,0.2,3,0.1,25,0
0,0,0,0,0,19,0,0.0,0.05263157894736842,5,0.2631578947368421,3,0.15789473684210525,23,0
0,0,1,0,0,35,0,0.0,0.05714285714285714,6,0.17142857142857143,3,0.08571428571428572,25,0
1,4,0,1,0,70,2,0.02857142857142857,0.02857142857142857,9,0.12857142857142856,6,0.08571428571428572,30,0
1,2,0,0,0,67,3,0.04477611940298507,0.014925373134328358,6,0.08955223880597014,4,0.05970149253731343,33,0
0,0,0,0,0,33,0,0.0,0.06060606060606061,7,0.21212121212121213,3,0.09090909090909091,28,0
0,0,0,0,0,34,0,0.0,0.14705882352941177,9,0.2647058823529412,3,0.08823529411764706,19,0
0,1,1,1,0,48,0,0.0,0.0625,9,0.1875,3,0.0625,16,0
0,3,0,0,0,38,0,0.0,0.02631578947368421,7,0.18421052631578946,5,0.13157894736842105,31,0
1,5,1,1,0,70,0,0.0,0.02857142857142857,11,0.15714285714285714,7,0.1,35,0
0,0,0,0,0,36,0,0.0,0.05555555555555555,6,0.16666666666666666,3,0.08333333333333333,30,0
1,3,0,0,0,62,0,0.0,0.08064516129032258,11,0.1774193548387097,5,0.08064516129032258,59,0
0,0,0,1,0,36,0,0.0,0.05555555555555555,6,0.16666666666666666,3,0.08333333333333333,34,0
1,2,0,0,0,57,0,0.0,0.07017543859649122,9,0.15789473684210525,4,0.07017543859649122,37,0
0,1,0,0,0,26,0,0.0,0.07692307692307693,7,0.2692307692307692,4,0.15384615384615385,9,0
0,2,1,1,0,41,0,0.0,0.04878048780487805,8,0.1951219512195122,5,0.12195121951219512,13,0
0,0,1,1,0,32,0,0.0,0.03125,5,0.15625,3,0.09375,10,0
0,0,0,0,0,35,0,0.0,0.05714285714285714,6,0.17142857142857143,3,0.08571428571428572,30,0
0,0,0,1,0,36,0,0.0,0.05555555555555555,6,0.16666666666666666,3,0.08333333333333333,8,0
0,3,0,0,0,44,0,0.0,0.06818181818181818,9,0.20454545454545456,5,0.11363636363636363,14,0
0,1,1,1,0,44,0,0.0,0.06818181818181818,9,0.20454545454545456,3,0.06818181818181818,12,0
0,1,0,0,0,36,0,0.0,0.05555555555555555,6,0.16666666666666666,3,0.08333333333333333,12,0
1,0,1,1,0,70,0,0.0,0.11428571428571428,11,0.15714285714285714,2,0.02857142857142857,15,0
0,1,1,0,0,34,0,0.0,0.058823529411764705,7,0.20588235294117646,4,0.11764705882352941,8,0
0,3,1,1,0,40,0,0.0,0.05,8,0.2,5,0.125,31,0
0,2,1,1,0,49,0,0.0,0.04081632653061224,7,0.14285714285714285,4,0.08163265306122448,22,0
0,0,0,0,0,29,0,0.0,0.06896551724137931,6,0.20689655172413793,3,0.10344827586206896,27,0
0,0,0,0,0,28,0,0.0,0.07142857142857142,6,0.21428571428571427,3,0.10714285714285714,25,0
1,0,1,1,0,70,1,0.014285714285714285,0.014285714285714285,7,0.1,2,0.02857142857142857,14,0
0,0,0,0,0,23,0,0.0,0.08695652173913043,6,0.2608695652173913,3,0.13043478260869565,27,0
1,4,0,0,0,58,0,0.0,0.034482758620689655,9,0.15517241379310345,6,0.10344827586206896,16,0
0,0,0,0,0,29,0,0.0,0.06896551724137931,6,0.20689655172413793,3,0.10344827586206896,27,0
0,2,1,0,0,48,0,0.0,0.0625,9,0.1875,4,0.08333333333333333,24,0
0,1,0,0,0,32,0,0.0,0.0625,7,0.21875,4,0.125,11,0
0,1,0,0,0,42,0,0.0,0.07142857142857142,8,0.19047619047619047,3,0.07142857142857142,17,0
1,4,1,1,0,56,1,0.017857142857142856,0.07142857142857142,12,0.21428571428571427,6,0.10714285714285714,10,0
0,2,0,0,0,36,0,0.0,0.05555555555555555,8,0.2222222222222222,5,0.1388888888888889,6,0
1,1,0,1,0,70,4,0.05714285714285714,0.014285714285714285,9,0.12857142857142856,3,0.04285714285714286,22,0
0,0,0,1,0,29,0,0.0,0.06896551724137931,6,0.20689655172413793,3,0.10344827586206896,26,0
1,3,1,1,0,64,0,0.0,0.046875,10,0.15625,5,0.078125,39,0
1,5,0,1,0,55,0,0.0,0.01818181818181818,10,0.18181818181818182,8,0.14545454545454545,26,0
1,5,1,1,0,70,0,0.0,0.05714285714285714,16,0.22857142857142856,7,0.1,33,0
0,0,0,0,0,32,0,0.0,0.0625,6,0.1875,3,0.09375,29,0
0,0,0,0,0,31,0,0.0,0.06451612903225806,6,0.1935483870967742,3,0.0967741935483871,30,0
1,4,0,1,0,70,0,0.0,0.02857142857142857,10,0.14285714285714285,6,0.08571428571428572,34,0
1,3,0,0,0,70,0,0.0,0.014285714285714285,11,0.15714285714285714,5,0.07142857142857142,37,0
0,2,0,0,0,47,0,0.0,0.0425531914893617,10,0.2127659574468085,5,0.10638297872340426,29,0
1,2,1,0,0,60,0,0.0,0.03333333333333333,13,0.21666666666666667,4,0.06666666666666667,29,0
1,4,0,0,0,57,0,0.0,0.03508771929824561,10,0.17543859649122806,6,0.10526315789473684,36,0
1,3,0,0,0,68,1,0.014705882352941176,0.029411764705882353,9,0.1323529411764706,6,0.08823529411764706,25,0
0,2,0,0,0,48,0,0.0,0.0625,8,0.16666666666666666,4,0.08333333333333333,35,0
1,1,1,1,0,70,0,0.0,0.04285714285714286,13,0.18571428571428572,3,0.04285714285714286,67,0
1,2,1,1,0,59,0,0.0,0.03389830508474576,8,0.13559322033898305,5,0.0847457627118644,15,0
1,2,1,0,0,55,0,0.0,0.05454545454545454,8,0.14545454545454545,4,0.07272727272727272,29,0
0,0,0,0,1,19,0,0.0,0.10526315789473684,6,0.3157894736842105,3,0.15789473684210525,23,0
1,3,0,1,0,68,2,0.029411764705882353,0.014705882352941176,9,0.1323529411764706,6,0.08823529411764706,8,0
1,2,1,1,0,57,0,0.0,0.05263157894736842,8,0.14035087719298245,4,0.07017543859649122,33,0
0,0,1,0,0,18,0,0.0,0.1111111111111111,6,0.3333333333333333,3,0.16666666666666666,7,0
0,0,0,0,0,35,0,0.0,0.05714285714285714,6,0.17142857142857143,3,0.08571428571428572,33,0
0,0,0,0,0,24,0,0.0,0.041666666666666664,5,0.20833333333333334,3,0.125,30,0
1,3,0,0,0,70,1,0.014285714285714285,0.014285714285714285,8,0.11428571428571428,5,0.07142857142857142,35,0
0,0,0,0,0,34,0,0.0,0.058823529411764705,6,0.17647058823529413,3,0.08823529411764706,25,0
0,2,0,0,0,48,0,0.0,0.0625,11,0.22916666666666666,4,0.08333333333333333,7,0
0,2,1,1,0,37,0,0.0,0.05405405405405406,8,0.21621621621621623,5,0.13513513513513514,8,0
1,4,0,0,0,60,0,0.0,0.1,13,0.21666666666666667,6,0.1,24,0
0,3,1,1,0,48,0,0.0,0.0625,10,0.20833333333333334,6,0.125,8,0
1,6,0,0,0,70,0,0.0,0.02857142857142857,15,0.21428571428571427,8,0.11428571428571428,23,0
0,1,0,0,0,30,0,0.0,0.06666666666666667,6,0.2,3,0.1,27,0
1,0,0,0,0,70,1,0.014285714285714285,0.07142857142857142,9,0.12857142857142856,2,0.02857142857142857,48,0
0,1,0,0,0,36,0,0.0,0.08333333333333333,7,0.19444444444444445,3,0.08333333333333333,25,0
0,2,1,1,0,40,0,0.0,0.075,8,0.2,4,0.1,14,0
0,1,1,1,0,30,0,0.0,0.06666666666666667,7,0.23333333333333334,4,0.13333333333333333,11,0
0,0,0,0,0,24,0,0.0,0.125,7,0.2916666666666667,3,0.125,12,0
0,0,0,0,1,28,0,0.0,0.07142857142857142,6,0.21428571428571427,3,0.10714285714285714,27,0
0,2,0,0,0,40,0,0.0,0.05,9,0.225,5,0.125,14,0
0,0,0,0,0,36,0,0.0,0.08333333333333333,7,0.19444444444444445,3,0.08333333333333333,17,0
0,1,1,0,0,39,0,0.0,0.07692307692307693,7,0.1794871794871795,3,0.07692307692307693,31,0
0,1,1,0,0,37,0,0.0,0.05405405405405406,6,0.16216216216216217,3,0.08108108108108109,27,0
0,0,1,0,0,25,0,0.0,0.04,5,0.2,3,0.12,10,0
0,0,0,0,0,32,0,0.0,0.0625,6,0.1875,3,0.09375,24,0
0,2,1,1,0,45,0,0.0,0.08888888888888889,9,0.2,4,0.08888888888888889,17,0
1,1,0,0,0,70,3,0.04285714285714286,0.014285714285714285,11,0.15714285714285714,3,0.04285714285714286,28,0
0,2,0,0,0,37,0,0.0,0.05405405405405406,8,0.21621621621621623,4,0.10810810810810811,5,0
0,0,0,0,0,25,0,0.0,0.08,6,0.24,3,0.12,25,0
1,1,0,0,0,70,4,0.05714285714285714,0.02857142857142857,10,0.14285714285714285,3,0.04285714285714286,24,0
0,0,0,0,0,34,0,0.0,0.14705882352941177,9,0.2647058823529412,3,0.08823529411764706,15,0
0,0,0,0,0,24,0,0.0,0.08333333333333333,6,0.25,3,0.125,10,0
1,6,0,0,0,70,0,0.0,0.014285714285714285,11,0.15714285714285714,8,0.11428571428571428,35,0
1,1,1,0,0,70,0,0.0,0.05714285714285714,10,0.14285714285714285,3,0.04285714285714286,10,0
0,0,0,0,0,24,0,0.0,0.08333333333333333,6,0.25,3,0.125,23,0
0,4,0,0,0,53,0,0.0,0.03773584905660377,11,0.20754716981132076,6,0.11320754716981132,35,0
0,1,0,1,0,44,0,0.0,0.045454545454545456,7,0.1590909090909091,4,0.09090909090909091,15,0
0,0,1,0,0,21,0,0.0,0.09523809523809523,6,0.2857142857142857,3,0.14285714285714285,5,0
0,1,1,1,0,42,0,0.0,0.07142857142857142,8,0.19047619047619047,3,0.07142857142857142,12,0
0,2,1,1,0,42,0,0.0,0.047619047619047616,7,0.16666666666666666,4,0.09523809523809523,28,0
0,0,0,0,0,24,0,0.0,0.08333333333333333,6,0.25,3,0.125,27,0
0,0,0,0,1,27,0,0.0,0.07407407407407407,6,0.2222222222222222,3,0.1111111111111111,32,0
0,3,1,1,0,46,0,0.0,0.021739130434782608,8,0.17391304347826086,6,0.13043478260869565,23,0
0,2,1,1,0,42,0,0.0,0.07142857142857142,9,0.21428571428571427,5,0.11904761904761904,30,0
0,1,1,1,0,35,0,0.0,0.05714285714285714,7,0.2,4,0.11428571428571428,27,0
0,1,0,1,0,31,0,0.0,0.06451612903225806,7,0.22580645161290322,3,0.0967741935483871,28,0
0,0,1,1,0,29,0,0.0,0.10344827586206896,7,0.2413793103448276,3,0.10344827586206896,29,0
0,1,1,1,0,37,0,0.0,0.08108108108108109,8,0.21621621621621623,4,0.10810810810810811,10,0
0,0,0,0,0,29,0,0.0,0.06896551724137931,6,0.20689655172413793,3,0.10344827586206896,26,0
1,3,1,1,0,70,2,0.02857142857142857,0.04285714285714286,18,0.2571428571428571,6,0.08571428571428572,7,0
0,0,0,0,0,30,0,0.0,0.06666666666666667,6,0.2,3,0.1,9,0
0,0,0,0,0,24,0,0.0,0.041666666666666664,5,0.20833333333333334,3,0.125,25,0
1,1,0,0,0,66,0,0.0,0.06060606060606061,12,0.18181818181818182,3,0.045454545454545456,21,0
1,2,0,0,0,70,0,0.0,0.02857142857142857,7,0.1,4,0.05714285714285714,33,0
0,0,0,0,0,31,0,0.0,0.06451612903225806,6,0.1935483870967742,3,0.0967741935483871,25,0
0,0,0,0,0,23,0,0.0,0.08695652173913043,6,0.2608695652173913,3,0.13043478260869565,23,0
0,0,0,0,0,24,0,0.0,0.08333333333333333,6,0.25,3,0.125,30,0
1,6,1,1,0,70,2,0.02857142857142857,0.04285714285714286,12,0.17142857142857143,8,0.11428571428571428,16,0
0,0,0,0,0,33,0,0.0,0.06060606060606061,6,0.18181818181818182,3,0.09090909090909091,6,0
0,0,0,0,0,24,0,0.0,0.08333333333333333,6,0.25,3,0.125,25,0
1,3,0,0,0,70,0,0.0,0.08571428571428572,13,0.18571428571428572,5,0.07142857142857142,26,0
0,0,0,0,0,27,0,0.0,0.07407407407407407,6,0.2222222222222222,3,0.1111111111111111,23,0
0,0,0,0,0,38,0,0.0,0.10526315789473684,8,0.21052631578947367,3,0.07894736842105263,18,0
0,0,0,0,0,25,0,0.0,0.08,7,0.28,3,0.12,23,0
1,2,1,1,0,62,3,0.04838709677419355,0.03225806451612903,9,0.14516129032258066,5,0.08064516129032258,14,0
1,2,0,0,0,70,2,0.02857142857142857,0.04285714285714286,8,0.11428571428571428,4,0.05714285714285714,31,0
1,0,1,1,0,70,1,0.014285714285714285,0.08571428571428572,10,0.14285714285714285,2,0.02857142857142857,17,0
0,0,0,0,0,31,0,0.0,0.06451612903225806,6,0.1935483870967742,3,0.0967741935483871,29,0
1,4,0,0,0,70,0,0.0,0.02857142857142857,10,0.14285714285714285,6,0.08571428571428572,41,0
0,1,1,1,0,35,0,0.0,0.02857142857142857,6,0.17142857142857143,4,0.11428571428571428,7,0
1,3,0,0,0,70,1,0.014285714285714285,0.02857142857142857,12,0.17142857142857143,5,0.07142857142857142,37,0
0,0,0,0,0,30,0,0.0,0.06666666666666667,6,0.2,3,0.1,26,0
0,1,0,0,0,30,0,0.0,0.06666666666666667,6,0.2,3,0.1,27,0
0,0,0,0,0,23,0,0.0,0.08695652173913043,6,0.2608695652173913,3,0.13043478260869565,26,0
1,3,1,1,0,70,0,0.0,0.05714285714285714,15,0.21428571428571427,5,0.07142857142857142,23,0
0,2,1,1,0,41,2,0.04878048780487805,0.07317073170731707,9,0.21951219512195122,5,0.12195121951219512,10,0
0,1,1,0,0,42,0,0.0,0.023809523809523808,8,0.19047619047619047,4,0.09523809523809523,17,0
0,0,0,0,0,26,0,0.0,0.038461538461538464,5,0.19230769230769232,3,0.11538461538461539,26,0
1,4,1,1,0,70,3,0.04285714285714286,0.02857142857142857,10,0.14285714285714285,6,0.08571428571428572,14,0
0,0,0,0,0,22,0,0.0,0.09090909090909091,6,0.2727272727272727,3,0.13636363636363635,25,0
1,3,0,0,0,70,4,0.05714285714285714,0.014285714285714285,7,0.1,5,0.07142857142857142,7,0
1,2,0,0,0,54,0,0.0,0.037037037037037035,8,0.14814814814814814,4,0.07407407407407407,34,0
1,3,1,1,0,70,0,0.0,0.07142857142857142,14,0.2,5,0.07142857142857142,41,0
1,3,1,0,0,66,0,0.0,0.06060606060606061,12,0.18181818181818182,5,0.07575757575757576,40,0
0,0,0,0,0,26,0,0.0,0.07692307692307693,6,0.23076923076923078,3,0.11538461538461539,24,0
0,0,0,0,0,24,0,0.0,0.08333333333333333,6,0.25,3,0.125,25,0
0,0,0,0,0,34,0,0.0,0.08823529411764706,7,0.20588235294117646,3,0.08823529411764706,14,0
0,2,1,1,0,37,0,0.0,0.10810810810810811,10,0.2702702702702703,4,0.10810810810810811,16,0
0,0,0,0,1,23,0,0.0,0.08695652173913043,6,0.2608695652173913,3,0.13043478260869565,8,0
1,5,0,0,0,70,2,0.02857142857142857,0.02857142857142857,11,0.15714285714285714,7,0.1,35,0
0,2,0,0,0,43,0,0.0,0.06976744186046512,8,0.18604651162790697,4,0.09302325581395349,32,0
1,5,0,0,0,68,0,0.0,0.04411764705882353,11,0.16176470588235295,7,0.10294117647058823,58,0
0,2,1,1,0,29,0,0.0,0.06896551724137931,7,0.2413793103448276,4,0.13793103448275862,6,0
1,1,1,1,0,70,0,0.0,0.02857142857142857,14,0.2,3,0.04285714285714286,13,0
1,1,1,1,0,57,1,0.017543859649122806,0.08771929824561403,10,0.17543859649122806,4,0.07017543859649122,36,0
0,0,0,0,0,28,0,0.0,0.07142857142857142,6,0.21428571428571427,3,0.10714285714285714,25,0
1,1,1,1,0,70,0,0.0,0.05714285714285714,15,0.21428571428571427,3,0.04285714285714286,62,0
0,0,0,0,1,32,0,0.0,0.0625,6,0.1875,3,0.09375,26,0
0,0,0,0,0,29,0,0.0,0.06896551724137931,6,0.20689655172413793,3,0.10344827586206896,25,0
0,3,0,0,0,41,0,0.0,0.07317073170731707,9,0.21951219512195122,5,0.12195121951219512,38,0
1,4,1,1,0,69,3,0.043478260869565216,0.014492753623188406,9,0.13043478260869565,7,0.10144927536231885,8,0
0,2,1,1,0,47,0,0.0,0.0425531914893617,9,0.19148936170212766,4,0.0851063829787234,18,0
0,0,1,1,0,21,0,0.0,0.09523809523809523,6,0.2857142857142857,3,0.14285714285714285,9,0
0,0,0,0,0,31,0,0.0,0.06451612903225806,6,0.1935483870967742,3,0.0967741935483871,31,0
1,5,0,1,0,68,0,0.0,0.04411764705882353,12,0.17647058823529413,7,0.10294117647058823,40,0
1,4,1,1,0,70,2,0.02857142857142857,0.04285714285714286,12,0.17142857142857143,6,0.08571428571428572,37,0
0,2,1,1,0,53,0,0.0,0.018867924528301886,8,0.1509433962264151,4,0.07547169811320754,23,0
0,0,0,0,0,29,0,0.0,0.06896551724137931,6,0.20689655172413793,3,0.10344827586206896,26,0
0,0,0,0,0,30,0,0.0,0.06666666666666667,6,0.2,3,0.1,24,0
0,0,0,0,0,24,0,0.0,0.08333333333333333,6,0.25,3,0.125,23,0
1,3,0,0,0,70,0,0.0,0.02857142857142857,8,0.11428571428571428,5,0.07142857142857142,26,0
1,4,1,1,0,61,0,0.0,0.09836065573770492,13,0.21311475409836064,6,0.09836065573770492,14,0
0,2,0,0,0,45,0,0.0,0.022222222222222223,8,0.17777777777777778,5,0.1111111111111111,26,0
0,1,1,1,0,32,1,0.03125,0.09375,7,0.21875,3,0.09375,12,0
0,0,0,0,0,28,0,0.0,0.07142857142857142,6,0.21428571428571427,3,0.10714285714285714,32,0
0,1,1,0,0,29,0,0.0,0.034482758620689655,6,0.20689655172413793,4,0.13793103448275862,10,0
0,0,0,0,0,27,0,0.0,0.07407407407407407,6,0.2222222222222222,3,0.1111111111111111,27,0
0,2,0,0,0,26,0,0.0,0.038461538461538464,6,0.23076923076923078,4,0.15384615384615385,14,0
1,7,0,0,0,70,3,0.04285714285714286,0.014285714285714285,15,0.21428571428571427,9,0.12857142857142856,18,0
0,0,1,1,0,23,0,0.0,0.08695652173913043,6,0.2608695652173913,3,0.13043478260869565,11,0
0,2,1,1,0,27,0,0.0,0.07407407407407407,7,0.25925925925925924,4,0.14814814814814814,10,0
0,0,0,0,0,24,0,0.0,0.08333333333333333,6,0.25,3,0.125,24,0
0,0,0,0,0,26,0,0.0,0.07692307692307693,6,0.23076923076923078,3,0.11538461538461539,25,0
0,0,0,0,0,34,0,0.0,0.14705882352941177,9,0.2647058823529412,3,0.08823529411764706,15,0
0,0,0,0,0,23,0,0.0,0.08695652173913043,7,0.30434782608695654,3,0.13043478260869565,23,0
1,4,1,1,0,70,1,0.014285714285714285,0.02857142857142857,10,0.14285714285714285,6,0.08571428571428572,13,0
1,3,1,1,0,55,1,0.01818181818181818,0.03636363636363636,10,0.18181818181818182,5,0.09090909090909091,10,0
0,0,0,0,0,30,0,0.0,0.06666666666666667,6,0.2,3,0.1,28,0
1,5,1,1,0,70,0,0.0,0.02857142857142857,13,0.18571428571428572,7,0.1,13,0
0,0,0,1,0,28,0,0.0,0.07142857142857142,6,0.21428571428571427,3,0.10714285714285714,25,0
1,1,1,1,0,70,1,0.014285714285714285,0.014285714285714285,6,0.08571428571428572,3,0.04285714285714286,15,0
0,1,0,0,0,34,0,0.0,0.08823529411764706,7,0.20588235294117646,3,0.08823529411764706,23,0
1,6,1,0,0,70,0,0.0,0.02857142857142857,11,0.15714285714285714,8,0.11428571428571428,31,0
0,1,1,0,0,51,1,0.0196078431372549,0.0196078431372549,5,0.09803921568627451,3,0.058823529411764705,26,0
0,0,0,0,0,29,0,0.0,0.06896551724137931,6,0.20689655172413793,3,0.10344827586206896,25,0
0,2,0,0,0,47,0,0.0,0.06382978723404255,8,0.1702127659574468,4,0.0851063829787234,31,0
1,2,1,1,0,70,0,0.0,0.02857142857142857,8,0.11428571428571428,4,0.05714285714285714,30,0
0,0,0,1,0,31,1,0.03225806451612903,0.06451612903225806,7,0.22580645161290322,3,0.0967741935483871,30,0
1,4,0,0,0,60,0,0.0,0.1,13,0.21666666666666667,6,0.1,23,0
1,5,1,0,0,70,1,0.014285714285714285,0.04285714285714286,12,0.17142857142857143,7,0.1,39,0
0,0,0,0,0,25,0,0.0,0.08,6,0.24,3,0.12,23,0
1,4,1,1,0,60,1,0.016666666666666666,0.06666666666666667,12,0.2,6,0.1,14,0
0,3,0,1,0,46,0,0.0,0.021739130434782608,9,0.1956521739130435,6,0.13043478260869565,30,0
0,2,0,0,0,44,0,0.0,0.045454545454545456,7,0.1590909090909091,4,0.09090909090909091,35,0
0,0,0,0,0,33,0,0.0,0.06060606060606061,6,0.18181818181818182,3,0.09090909090909091,28,0
1,4,0,0,0,72,0,0.0,0.05555555555555555,12,0.16666666666666666,6,0.08333333333333333,34,0
0,2,1,1,0,39,0,0.0,0.02564102564102564,7,0.1794871794871795,4,0.10256410256410256,19,0
1,2,1,0,0,70,0,0.0,0.02857142857142857,13,0.18571428571428572,4,0.05714285714285714,30,0
0,0,0,0,0,39,0,0.0,0.05128205128205128,8,0.20512820512820512,3,0.07692307692307693,29,0
0,0,0,0,0,25,0,0.0,0.04,5,0.2,3,0.12,25,0
0,4,0,0,0,53,3,0.05660377358490566,0.05660377358490566,10,0.18867924528301888,6,0.11320754716981132,33,0
0,0,0,0,0,21,0,0.0,0.09523809523809523,6,0.2857142857142857,3,0.14285714285714285,23,0
0,0,0,0,0,26,0,0.0,0.038461538461538464,5,0.19230769230769232,3,0.11538461538461539,27,0
0,0,0,0,0,25,0,0.0,0.08,6,0.24,3,0.12,27,0
0,0,1,1,0,43,0,0.0,0.046511627906976744,9,0.20930232558139536,3,0.06976744186046512,10,0
0,0,0,0,0,22,0,0.0,0.09090909090909091,6,0.2727272727272727,3,0.13636363636363635,23,0
0,0,0,1,0,26,0,0.0,0.07692307692307693,6,0.23076923076923078,3,0.11538461538461539,24,0
0,0,0,0,0,34,0,0.0,0.14705882352941177,9,0.2647058823529412,3,0.08823529411764706,15,0
1,4,0,0,0,63,0,0.0,0.07936507936507936,12,0.19047619047619047,6,0.09523809523809523,25,0
1,3,1,0,0,70,0,0.0,0.014285714285714285,8,0.11428571428571428,5,0.07142857142857142,26,0
0,0,0,1,0,24,0,0.0,0.08333333333333333,6,0.25,3,0.125,8,0
0,0,1,1,0,21,0,0.0,0.14285714285714285,7,0.3333333333333333,3,0.14285714285714285,8,0
0,0,0,0,1,30,0,0.0,0.06666666666666667,6,0.2,3,0.1,30,0
0,0,0,0,0,23,0,0.0,0.08695652173913043,6,0.2608695652173913,3,0.13043478260869565,23,0
0,2,0,0,0,40,0,0.0,0.05,7,0.175,4,0.1,29,0
0,0,0,1,0,36,0,0.0,0.05555555555555555,6,0.16666666666666666,3,0.08333333333333333,25,0
1,3,0,0,0,55,0,0.0,0.05454545454545454,11,0.2,5,0.09090909090909091,38,0
0,0,0,0,0,33,0,0.0,0.06060606060606061,6,0.18181818181818182,3,0.09090909090909091,25,0
0,0,0,0,0,28,0,0.0,0.07142857142857142,6,0.21428571428571427,3,0.10714285714285714,29,0
1,3,1,1,0,70,1,0.014285714285714285,0.02857142857142857,9,0.12857142857142856,5,0.07142857142857142,21,0
0,3,1,1,0,45,1,0.022222222222222223,0.06666666666666667,10,0.2222222222222222,6,0.13333333333333333,11,0
0,0,0,0,0,31,0,0.0,0.06451612903225806,6,0.1935483870967742,3,0.0967741935483871,25,0
1,5,1,1,0,73,0,0.0,0.0273972602739726,13,0.1780821917808219,7,0.0958904109589041,15,0
0,0,1,1,0,28,0,0.0,0.07142857142857142,6,0.21428571428571427,3,0.10714285714285714,10,0
0,0,0,1,0,27,0,0.0,0.07407407407407407,6,0.2222222222222222,3,0.1111111111111111,24,0
1,2,0,0,0,55,0,0.0,0.05454545454545454,9,0.16363636363636364,4,0.07272727272727272,32,0
0,0,0,0,0,29,0,0.0,0.034482758620689655,5,0.1724137931034483,3,0.10344827586206896,29,0
0,3,0,0,0,39,1,0.02564102564102564,0.05128205128205128,9,0.23076923076923078,5,0.1282051282051282,26,0
1,3,1,1,0,55,0,0.0,0.07272727272727272,10,0.18181818181818182,5,0.09090909090909091,12,0
1,3,0,1,0,55,0,0.0,0.03636363636363636,10,0.18181818181818182,5,0.09090909090909091,34,0
0,1,0,0,0,50,4,0.08,0.04,12,0.24,3,0.06,28,0
0,0,0,0,0,30,0,0.0,0.06666666666666667,6,0.2,3,0.1,29,0
1,3,1,0,0,70,0,0.0,0.02857142857142857,10,0.14285714285714285,5,0.07142857142857142,31,0
0,1,1,1,0,44,0,0.0,0.045454545454545456,8,0.18181818181818182,4,0.09090909090909091,10,0
0,0,0,0,0,26,0,0.0,0.07692307692307693,6,0.23076923076923078,3,0.11538461538461539,25,0
0,0,0,0,0,24,0,0.0,0.08333333333333333,6,0.25,3,0.125,23,0
1,4,1,0,0,70,0,0.0,0.05714285714285714,14,0.2,6,0.08571428571428572,36,0
0,0,0,0,0,25,0,0.0,0.04,5,0.2,3,0.12,33,0
0,2,1,1,0,48,0,0.0,0.0625,10,0.20833333333333334,4,0.08333333333333333,13,0
0,0,0,0,0,36,0,0.0,0.05555555555555555,6,0.16666666666666666,3,0.08333333333333333,27,0
1,2,0,0,0,64,1,0.015625,0.03125,11,0.171875,4,0.0625,16,0
0,2,1,1,0,48,0,0.0,0.041666666666666664,7,0.14583333333333334,4,0.08333333333333333,39,0
0,0,0,0,0,26,0,0.0,0.07692307692307693,6,0.23076923076923078,3,0.11538461538461539,25,0
1,2,0,0,0,71,0,0.0,0.056338028169014086,11,0.15492957746478872,4,0.056338028169014086,27,0
0,1,1,1,0,41,0,0.0,0.07317073170731707,9,0.21951219512195122,4,0.0975609756097561,10,0
0,0,0,0,0,26,0,0.0,0.07692307692307693,6,0.23076923076923078,3,0.11538461538461539,27,0
1,5,0,0,0,65,0,0.0,0.015384615384615385,12,0.18461538461538463,7,0.1076923076923077,38,0
0,0,0,0,0,28,0,0.0,0.07142857142857142,6,0.21428571428571427,3,0.10714285714285714,24,0
0,1,0,1,0,51,0,0.0,0.058823529411764705,9,0.17647058823529413,3,0.058823529411764705,32,0
0,1,0,0,0,53,0,0.0,0.05660377358490566,7,0.1320754716981132,3,0.05660377358490566,28,0
0,0,0,0,0,38,0,0.0,0.07894736842105263,7,0.18421052631578946,3,0.07894736842105263,11,0
0,2,0,0,0,28,0,0.0,0.07142857142857142,8,0.2857142857142857,5,0.17857142857142858,7,0
1,2,0,1,0,70,2,0.02857142857142857,0.02857142857142857,7,0.1,4,0.05714285714285714,11,0
1,3,0,0,0,70,1,0.014285714285714285,0.04285714285714286,9,0.12857142857142856,5,0.07142857142857142,31,0
0,0,0,0,0,24,0,0.0,0.08333333333333333,6,0.25,3,0.125,26,0
1,0,1,1,0,54,0,0.0,0.07407407407407407,10,0.18518518518518517,3,0.05555555555555555,33,0
0,2,1,1,0,51,0,0.0,0.09803921568627451,11,0.21568627450980393,4,0.0784313725490196,11,0
1,5,1,1,0,70,0,0.0,0.02857142857142857,12,0.17142857142857143,7,0.1,20,0
0,0,0,0,0,25,0,0.0,0.08,6,0.24,3,0.12,28,0
0,0,0,0,0,28,0,0.0,0.07142857142857142,6,0.21428571428571427,3,0.10714285714285714,27,0
0,0,0,0,0,29,0,0.0,0.034482758620689655,5,0.1724137931034483,3,0.10344827586206896,26,0
0,1,0,0,0,43,0,0.0,0.06976744186046512,7,0.16279069767441862,3,0.06976744186046512,30,0
0,0,0,0,0,32,0,0.0,0.0625,6,0.1875,3,0.09375,29,0
1,3,0,0,0,69,0,0.0,0.028985507246376812,11,0.15942028985507245,6,0.08695652173913043,36,0
1,0,1,1,0,70,2,0.02857142857142857,0.08571428571428572,10,0.14285714285714285,2,0.02857142857142857,51,0
0,0,0,1,0,29,0,0.0,0.06896551724137931,6,0.20689655172413793,3,0.10344827586206896,27,0
0,2,0,0,0,46,0,0.0,0.043478260869565216,10,0.21739130434782608,5,0.10869565217391304,34,0
0,0,0,0,0,44,0,0.0,0.06818181818181818,7,0.1590909090909091,3,0.06818181818181818,34,0
1,4,0,0,0,64,0,0.0,0.046875,11,0.171875,6,0.09375,30,0
0,0,0,0,0,29,0,0.0,0.06896551724137931,6,0.20689655172413793,3,0.10344827586206896,29,0
0,3,1,1,0,45,0,0.0,0.06666666666666667,10,0.2222222222222222,6,0.13333333333333333,27,0
0,0,0,0,0,31,0,0.0,0.06451612903225806,6,0.1935483870967742,3,0.0967741935483871,32,0
0,0,0,0,1,37,0,0.0,0.05405405405405406,6,0.16216216216216217,3,0.08108108108108109,25,0
0,2,1,1,0,36,0,0.0,0.05555555555555555,7,0.19444444444444445,4,0.1111111111111111,13,0
0,2,0,0,0,47,0,0.0,0.06382978723404255,9,0.19148936170212766,4,0.0851063829787234,33,0
0,0,1,1,0,25,0,0.0,0.08,7,0.28,3,0.12,7,0
0,2,1,1,0,41,0,0.0,0.0975609756097561,9,0.21951219512195122,4,0.0975609756097561,31,0
0,2,1,0,0,39,0,0.0,0.05128205128205128,8,0.20512820512820512,5,0.1282051282051282,30,0
1,4,0,0,0,60,0,0.0,0.1,13,0.21666666666666667,6,0.1,26,0
0,0,0,0,1,21,0,0.0,0.09523809523809523,6,0.2857142857142857,3,0.14285714285714285,11,0
1,4,1,1,0,68,0,0.0,0.029411764705882353,13,0.19117647058823528,7,0.10294117647058823,36,0
1,2,0,0,0,76,0,0.0,0.05263157894736842,13,0.17105263157894737,4,0.05263157894736842,25,0
0,1,1,1,0,46,0,0.0,0.043478260869565216,6,0.13043478260869565,3,0.06521739130434782,33,0
1,2,0,0,0,70,0,0.0,0.02857142857142857,9,0.12857142857142856,4,0.05714285714285714,36,0
1,0,1,1,0,70,0,0.0,0.014285714285714285,9,0.12857142857142856,2,0.02857142857142857,17,0
0,1,1,1,0,39,0,0.0,0.10256410256410256,8,0.20512820512820512,3,0.07692307692307693,28,0
0,0,0,1,0,22,0,0.0,0.045454545454545456,5,0.22727272727272727,3,0.13636363636363635,27,0
1,2,1,0,0,70,2,0.02857142857142857,0.014285714285714285,7,0.1,4,0.05714285714285714,6,0
1,2,0,0,0,70,1,0.014285714285714285,0.02857142857142857,8,0.11428571428571428,4,0.05714285714285714,32,0
0,0,0,1,0,24,0,0.0,0.08333333333333333,6,0.25,3,0.125,30,0
1,1,1,1,0,62,0,0.0,0.04838709677419355,8,0.12903225806451613,4,0.06451612903225806,37,0
0,0,0,0,0,32,0,0.0,0.0625,6,0.1875,3,0.09375,25,0
1,3,1,1,0,62,0,0.0,0.04838709677419355,10,0.16129032258064516,5,0.08064516129032258,25,0
1,5,1,1,1,67,0,0.0,0.05970149253731343,12,0.1791044776119403,7,0.1044776119402985,19,0
1,2,1,1,0,70,0,0.0,0.08571428571428572,14,0.2,4,0.05714285714285714,31,0
0,3,0,0,0,46,0,0.0,0.043478260869565216,9,0.1956521739130435,6,0.13043478260869565,26,0
0,2,0,1,0,44,0,0.0,0.06818181818181818,8,0.18181818181818182,4,0.09090909090909091,8,0
0,0,0,0,0,25,0,0.0,0.04,5,0.2,3,0.12,23,0
0,0,0,0,0,28,0,0.0,0.07142857142857142,6,0.21428571428571427,3,0.10714285714285714,28,0
1,3,1,0,0,70,0,0.0,0.04285714285714286,10,0.14285714285714285,5,0.07142857142857142,38,0
0,0,0,1,0,23,0,0.0,0.08695652173913043,6,0.2608695652173913,3,0.13043478260869565,23,0
0,0,1,0,0,27,0,0.0,0.1111111111111111,7,0.25925925925925924,3,0.1111111111111111,11,0
1,5,1,1,0,70,0,0.0,0.014285714285714285,10,0.14285714285714285,7,0.1,11,0
1,4,1,1,0,70,3,0.04285714285714286,0.02857142857142857,10,0.14285714285714285,6,0.08571428571428572,15,0
1,2,1,0,0,70,1,0.014285714285714285,0.04285714285714286,13,0.18571428571428572,4,0.05714285714285714,30,0
0,2,1,1,0,47,0,0.0,0.06382978723404255,8,0.1702127659574468,4,0.0851063829787234,30,0
0,2,1,1,0,37,0,0.0,0.08108108108108109,8,0.21621621621621623,4,0.10810810810810811,31,0
1,3,1,0,0,70,0,0.0,0.04285714285714286,11,0.15714285714285714,5,0.07142857142857142,56,0
1,3,1,1,0,70,0,0.0,0.04285714285714286,10,0.14285714285714285,5,0.07142857142857142,34,0
1,3,0,0,0,70,0,0.0,0.04285714285714286,9,0.12857142857142856,5,0.07142857142857142,16,0
0,0,0,0,0,35,0,0.0,0.05714285714285714,6,0.17142857142857143,3,0.08571428571428572,11,0
0,2,0,0,0,31,0,0.0,0.0967741935483871,8,0.25806451612903225,4,0.12903225806451613,31,0
0,0,0,0,0,35,0,0.0,0.05714285714285714,6,0.17142857142857143,3,0.08571428571428572,29,0
0,0,0,1,0,24,0,0.0,0.08333333333333333,6,0.25,3,0.125,20,0
1,3,1,1,0,70,3,0.04285714285714286,0.02857142857142857,9,0.12857142857142856,5,0.07142857142857142,26,0
0,3,1,0,0,51,0,0.0,0.0196078431372549,10,0.19607843137254902,6,0.11764705882352941,31,0
0,0,1,1,0,19,0,0.0,0.10526315789473684,6,0.3157894736842105,3,0.15789473684210525,5,0
1,4,1,1,0,56,2,0.03571428571428571,0.08928571428571429,12,0.21428571428571427,6,0.10714285714285714,31,0
0,0,0,0,0,30,0,0.0,0.06666666666666667,6,0.2,3,0.1,30,0
1,6,0,0,0,70,0,0.0,0.02857142857142857,13,0.18571428571428572,8,0.11428571428571428,33,0
0,1,1,0,0,29,0,0.0,0.034482758620689655,6,0.20689655172413793,4,0.13793103448275862,10,0
0,0,0,0,0,31,0,0.0,0.06451612903225806,6,0.1935483870967742,3,0.0967741935483871,27,0
0,3,1,1,0,49,0,0.0,0.04081632653061224,9,0.1836734693877551,5,0.10204081632653061,33,0
0,2,1,1,0,26,0,0.0,0.038461538461538464,6,0.23076923076923078,4,0.15384615384615385,15,0
1,2,0,0,0,70,0,0.0,0.04285714285714286,12,0.17142857142857143,4,0.05714285714285714,30,0
0,3,0,1,0,50,0,0.0,0.02,7,0.14,5,0.1,30,0
1,4,1,1,0,56,0,0.0,0.05357142857142857,10,0.17857142857142858,6,0.10714285714285714,28,0
0,0,0,0,0,25,0,0.0,0.08,6,0.24,3,0.12,29,0
0,0,0,0,1,24,0,0.0,0.08333333333333333,6,0.25,3,0.125,25,0
0,0,0,0,0,25,0,0.0,0.08,6,0.24,3,0.12,23,0
1,3,1,1,0,70,0,0.0,0.04285714285714286,11,0.15714285714285714,5,0.07142857142857142,17,0
0,0,0,0,0,22,0,0.0,0.045454545454545456,5,0.22727272727272727,3,0.13636363636363635,30,0
0,0,0,0,0,37,0,0.0,0.05405405405405406,7,0.1891891891891892,3,0.08108108108108109,28,0
1,3,0,1,0,70,1,0.014285714285714285,0.05714285714285714,10,0.14285714285714285,5,0.07142857142857142,32,0
0,2,0,0,0,40,0,0.0,0.05,8,0.2,5,0.125,31,0
1,2,1,0,0,54,0,0.0,0.037037037037037035,9,0.16666666666666666,5,0.09259259259259259,31,0
0,0,0,0,0,21,0,0.0,0.09523809523809523,6,0.2857142857142857,3,0.14285714285714285,7,0
0,1,1,1,0,28,0,0.0,0.07142857142857142,7,0.25,4,0.14285714285714285,15,0
1,3,0,0,0,70,0,0.0,0.04285714285714286,12,0.17142857142857143,5,0.07142857142857142,16,0
1,2,0,0,0,62,4,0.06451612903225806,0.016129032258064516,6,0.0967741935483871,4,0.06451612903225806,25,0
0,1,1,1,0,31,0,0.0,0.06451612903225806,7,0.22580645161290322,4,0.12903225806451613,30,0
1,3,0,1,0,54,0,0.0,0.05555555555555555,9,0.16666666666666666,5,0.09259259259259259,33,0
0,0,0,0,0,22,0,0.0,0.09090909090909091,6,0.2727272727272727,3,0.13636363636363635,23,0
1,1,0,1,0,70,4,0.05714285714285714,0.02857142857142857,10,0.14285714285714285,3,0.04285714285714286,22,0
0,2,1,1,0,53,0,0.0,0.05660377358490566,8,0.1509433962264151,4,0.07547169811320754,36,0
0,3,1,1,0,51,0,0.0,0.0392156862745098,9,0.17647058823529413,6,0.11764705882352941,27,0
0,1,0,1,0,29,0,0.0,0.06896551724137931,7,0.2413793103448276,4,0.13793103448275862,24,0
1,3,0,0,0,70,0,0.0,0.02857142857142857,8,0.11428571428571428,5,0.07142857142857142,38,0
1,0,1,1,0,70,0,0.0,0.08571428571428572,11,0.15714285714285714,2,0.02857142857142857,26,0
0,1,0,0,0,28,0,0.0,0.03571428571428571,5,0.17857142857142858,3,0.10714285714285714,30,0
0,0,0,0,0,28,0,0.0,0.07142857142857142,7,0.25,3,0.10714285714285714,27,0
0,0,1,1,0,18,0,0.0,0.1111111111111111,6,0.3333333333333333,3,0.16666666666666666,23,0
0,1,0,1,0,27,0,0.0,0.07407407407407407,7,0.25925925925925924,4,0.14814814814814814,12,0
1,6,1,1,0,70,0,0.0,0.04285714285714286,13,0.18571428571428572,8,0.11428571428571428,44,0
0,0,0,0,0,24,0,0.0,0.041666666666666664,5,0.20833333333333334,3,0.125,26,0
0,0,1,1,0,28,0,0.0,0.07142857142857142,6,0.21428571428571427,3,0.10714285714285714,8,0
0,0,1,1,0,23,0,0.0,0.08695652173913043,6,0.2608695652173913,3,0.13043478260869565,6,0
0,1,0,1,0,42,0,0.0,0.07142857142857142,7,0.16666666666666666,3,0.07142857142857142,28,0
0,0,0,1,0,32,0,0.0,0.0625,6,0.1875,3,0.09375,32,0
0,0,0,0,0,24,0,0.0,0.041666666666666664,5,0.20833333333333334,3,0.125,26,0
1,3,1,1,0,70,1,0.014285714285714285,0.02857142857142857,10,0.14285714285714285,5,0.07142857142857142,16,0
0,1,1,1,0,37,0,0.0,0.10810810810810811,8,0.21621621621621623,3,0.08108108108108109,17,0
1,3,1,1,0,70,3,0.04285714285714286,0.014285714285714285,7,0.1,5,0.07142857142857142,8,0
0,2,1,1,0,45,0,0.0,0.06666666666666667,9,0.2,5,0.1111111111111111,28,0
1,4,1,1,0,70,0,0.0,0.04285714285714286,10,0.14285714285714285,6,0.08571428571428572,11,0
0,1,1,1,0,50,0,0.0,0.06,9,0.18,3,0.06,16,0
0,1,1,1,0,28,1,0.03571428571428571,0.14285714285714285,9,0.32142857142857145,4,0.14285714285714285,25,0
0,0,0,0,0,32,0,0.0,0.0625,6,0.1875,3,0.09375,10,0
1,4,0,0,0,70,0,0.0,0.014285714285714285,8,0.11428571428571428,6,0.08571428571428572,37,0
1,4,0,1,0,70,0,0.0,0.05714285714285714,14,0.2,6,0.08571428571428572,38,0
0,1,0,0,0,47,0,0.0,0.0851063829787234,11,0.23404255319148937,3,0.06382978723404255,17,0
0,3,0,0,0,44,0,0.0,0.06818181818181818,9,0.20454545454545456,5,0.11363636363636363,16,0
0,0,0,0,0,26,0,0.0,0.038461538461538464,5,0.19230769230769232,3,0.11538461538461539,27,0
0,2,1,1,0,25,0,0.0,0.08,7,0.28,4,0.16,9,0
0,0,0,0,0,25,0,0.0,0.08,6,0.24,3,0.12,8,0
0,0,0,0,0,26,0,0.0,0.07692307692307693,6,0.23076923076923078,3,0.11538461538461539,23,0
1,4,0,0,0,70,5,0.07142857142857142,0.014285714285714285,8,0.11428571428571428,6,0.08571428571428572,23,0
1,3,1,0,0,70,2,0.02857142857142857,0.02857142857142857,9,0.12857142857142856,5,0.07142857142857142,29,0
0,0,0,0,0,28,0,0.0,0.07142857142857142,7,0.25,3,0.10714285714285714,31,0
0,3,1,1,0,42,0,0.0,0.07142857142857142,9,0.21428571428571427,5,0.11904761904761904,29,0
1,6,1,1,0,70,0,0.0,0.04285714285714286,12,0.17142857142857143,8,0.11428571428571428,32,0
0,1,0,0,0,38,0,0.0,0.07894736842105263,7,0.18421052631578946,3,0.07894736842105263,25,0
0,1,0,0,0,36,0,0.0,0.027777777777777776,5,0.1388888888888889,3,0.08333333333333333,25,0
1,4,0,0,0,70,0,0.0,0.014285714285714285,9,0.12857142857142856,6,0.08571428571428572,44,0
1,3,1,0,0,55,0,0.0,0.03636363636363636,8,0.14545454545454545,5,0.09090909090909091,27,0
0,2,0,1,0,40,0,0.0,0.025,9,0.225,5,0.125,30,0
0,0,0,0,1,29,0,0.0,0.06896551724137931,6,0.20689655172413793,3,0.10344827586206896,25,0
0,0,0,0,1,29,0,0.0,0.06896551724137931,6,0.20689655172413793,3,0.10344827586206896,24,0
0,1,1,1,0,30,0,0.0,0.1,7,0.23333333333333334,3,0.1,7,0
0,2,1,0,0,39,0,0.0,0.02564102564102564,7,0.1794871794871795,4,0.10256410256410256,29,0
0,0,0,0,0,19,0,0.0,0.05263157894736842,5,0.2631578947368421,3,0.15789473684210525,24,0
0,3,1,1,0,41,0,0.0,0.04878048780487805,9,0.21951219512195122,6,0.14634146341463414,31,0
0,3,1,1,0,35,0,0.0,0.05714285714285714,8,0.22857142857142856,5,0.14285714285714285,23,0
0,1,1,0,0,30,1,0.03333333333333333,0.1,7,0.23333333333333334,3,0.1,8,0
0,2,1,1,0,43,0,0.0,0.046511627906976744,7,0.16279069767441862,4,0.09302325581395349,30,0
1,3,0,0,0,58,0,0.0,0.05172413793103448,10,0.1724137931034483,5,0.08620689655172414,38,0
0,2,0,0,0,46,0,0.0,0.021739130434782608,6,0.13043478260869565,4,0.08695652173913043,31,0
0,2,1,1,0,52,0,0.0,0.057692307692307696,12,0.23076923076923078,4,0.07692307692307693,8,0
1,3,0,1,0,70,2,0.02857142857142857,0.02857142857142857,8,0.11428571428571428,5,0.07142857142857142,40,0
1,3,0,0,0,70,1,0.014285714285714285,0.014285714285714285,9,0.12857142857142856,6,0.08571428571428572,27,0
0,0,1,1,0,27,0,0.0,0.1111111111111111,7,0.25925925925925924,3,0.1111111111111111,24,0
0,0,0,0,0,29,1,0.034482758620689655,0.06896551724137931,6,0.20689655172413793,3,0.10344827586206896,28,0
0,0,0,1,1,28,0,0.0,0.07142857142857142,6,0.21428571428571427,3,0.10714285714285714,29,0
1,3,1,1,0,70,1,0.014285714285714285,0.02857142857142857,11,0.15714285714285714,6,0.08571428571428572,16,0
0,1,0,0,0,40,0,0.0,0.05,7,0.175,3,0.075,31,0
1,2,1,0,0,55,0,0.0,0.07272727272727272,9,0.16363636363636364,4,0.07272727272727272,24,0
0,0,0,0,0,24,0,0.0,0.08333333333333333,6,0.25,3,0.125,25,0
1,4,0,0,0,70,2,0.02857142857142857,0.014285714285714285,8,0.11428571428571428,6,0.08571428571428572,34,0
1,1,1,1,0,70,2,0.02857142857142857,0.04285714285714286,8,0.11428571428571428,3,0.04285714285714286,36,0
0,1,1,1,0,33,0,0.0,0.030303030303030304,6,0.18181818181818182,4,0.12121212121212122,10,0
0,0,0,0,0,24,0,0.0,0.08333333333333333,6,0.25,3,0.125,27,0
0,0,1,0,0,26,0,0.0,0.07692307692307693,6,0.23076923076923078,3,0.11538461538461539,11,0
0,0,0,0,0,27,0,0.0,0.07407407407407407,6,0.2222222222222222,3,0.1111111111111111,28,0
0,1,0,0,0,26,0,0.0,0.038461538461538464,5,0.19230769230769232,3,0.11538461538461539,28,0
1,2,1,0,0,70,0,0.0,0.05714285714285714,11,0.15714285714285714,4,0.05714285714285714,63,0
0,0,1,1,0,32,0,0.0,0.0625,8,0.25,3,0.09375,28,0
1,1,0,0,0,70,3,0.04285714285714286,0.014285714285714285,9,0.12857142857142856,3,0.04285714285714286,20,0
0,0,0,0,0,21,0,0.0,0.09523809523809523,6,0.2857142857142857,3,0.14285714285714285,24,0
0,2,0,0,0,44,0,0.0,0.022727272727272728,6,0.13636363636363635,4,0.09090909090909091,30,0
0,3,0,0,1,47,0,0.0,0.06382978723404255,9,0.19148936170212766,5,0.10638297872340426,49,0
0,0,0,0,0,36,0,0.0,0.05555555555555555,6,0.16666666666666666,3,0.08333333333333333,17,0
1,5,1,1,0,69,1,0.014492753623188406,0.057971014492753624,12,0.17391304347826086,7,0.10144927536231885,14,0
0,0,0,0,1,24,0,0.0,0.08333333333333333,6,0.25,3,0.125,23,0
1,2,1,0,0,67,2,0.029850746268656716,0.029850746268656716,7,0.1044776119402985,4,0.05970149253731343,26,0
0,1,1,1,0,44,0,0.0,0.06818181818181818,8,0.18181818181818182,4,0.09090909090909091,28,0
0,0,0,0,0,28,0,0.0,0.07142857142857142,6,0.21428571428571427,3,0.10714285714285714,24,0
1,3,0,0,0,70,3,0.04285714285714286,0.02857142857142857,9,0.12857142857142856,5,0.07142857142857142,31,0
0,2,1,0,0,31,0,0.0,0.03225806451612903,6,0.1935483870967742,4,0.12903225806451613,25,0
0,2,1,1,0,50,0,0.0,0.08,9,0.18,4,0.08,7,0
1,4,1,1,0,68,2,0.029411764705882353,0.058823529411764705,12,0.17647058823529413,6,0.08823529411764706,11,0
1,3,1,1,0,57,0,0.0,0.03508771929824561,10,0.17543859649122806,5,0.08771929824561403,17,0
0,1,0,0,0,42,0,0.0,0.047619047619047616,6,0.14285714285714285,3,0.07142857142857142,39,0
0,0,0,0,0,32,0,0.0,0.09375,8,0.25,3,0.09375,10,0
0,0,0,1,0,25,0,0.0,0.12,7,0.28,3,0.12,24,0
0,2,1,1,0,37,0,0.0,0.05405405405405406,8,0.21621621621621623,5,0.13513513513513514,27,0
0,1,1,0,0,36,0,0.0,0.05555555555555555,6,0.16666666666666666,3,0.08333333333333333,25,0
1,3,1,1,0,70,1,0.014285714285714285,0.02857142857142857,8,0.11428571428571428,5,0.07142857142857142,32,0
0,0,0,0,0,23,0,0.0,0.08695652173913043,6,0.2608695652173913,3,0.13043478260869565,23,0
1,3,0,0,0,70,0,0.0,0.02857142857142857,8,0.11428571428571428,5,0.07142857142857142,39,0
0,0,0,0,0,24,0,0.0,0.08333333333333333,6,0.25,3,0.125,25,0
0,1,0,0,0,26,0,0.0,0.07692307692307693,7,0.2692307692307692,4,0.15384615384615385,23,0
1,3,0,0,0,70,3,0.04285714285714286,0.02857142857142857,8,0.11428571428571428,5,0.07142857142857142,11,0
1,5,1,1,0,70,3,0.04285714285714286,0.04285714285714286,11,0.15714285714285714,7,0.1,25,0
1,3,1,1,0,67,0,0.0,0.08955223880597014,12,0.1791044776119403,5,0.07462686567164178,28,0
0,2,1,1,0,48,0,0.0,0.041666666666666664,8,0.16666666666666666,5,0.10416666666666667,33,0
1,2,1,1,0,70,4,0.05714285714285714,0.02857142857142857,9,0.12857142857142856,4,0.05714285714285714,31,0
0,0,0,0,1,25,0,0.0,0.08,6,0.24,3,0.12,23,0
1,3,1,1,0,70,2,0.02857142857142857,0.02857142857142857,9,0.12857142857142856,5,0.07142857142857142,26,0
0,2,1,1,0,52,0,0.0,0.07692307692307693,9,0.17307692307692307,4,0.07692307692307693,37,0
1,3,0,0,0,70,2,0.02857142857142857,0.04285714285714286,10,0.14285714285714285,5,0.07142857142857142,36,0
1,4,0,0,0,70,0,0.0,0.02857142857142857,11,0.15714285714285714,6,0.08571428571428572,37,0
0,0,0,0,0,28,0,0.0,0.07142857142857142,6,0.21428571428571427,3,0.10714285714285714,43,0
0,1,1,1,0,40,0,0.0,0.05,6,0.15,3,0.075,26,0
0,0,0,0,0,31,0,0.0,0.06451612903225806,6,0.1935483870967742,3,0.0967741935483871,23,0
1,4,1,0,0,70,1,0.014285714285714285,0.02857142857142857,10,0.14285714285714285,6,0.08571428571428572,36,0
0,0,0,0,0,28,0,0.0,0.07142857142857142,6,0.21428571428571427,3,0.10714285714285714,23,0
1,3,0,1,0,70,1,0.014285714285714285,0.02857142857142857,8,0.11428571428571428,5,0.07142857142857142,26,0
0,0,0,0,0,28,0,0.0,0.07142857142857142,7,0.25,3,0.10714285714285714,25,0
0,0,0,0,1,28,0,0.0,0.07142857142857142,6,0.21428571428571427,3,0.10714285714285714,26,0
1,3,0,0,0,70,0,0.0,0.02857142857142857,10,0.14285714285714285,5,0.07142857142857142,35,0
0,0,0,0,1,30,0,0.0,0.06666666666666667,6,0.2,3,0.1,28,0
1,4,0,0,0,58,0,0.0,0.05172413793103448,10,0.1724137931034483,6,0.10344827586206896,34,0
0,0,1,0,0,45,0,0.0,0.044444444444444446,10,0.2222222222222222,3,0.06666666666666667,26,0
1,2,1,1,0,70,1,0.014285714285714285,0.04285714285714286,9,0.12857142857142856,5,0.07142857142857142,29,0
0,2,1,0,0,40,0,0.0,0.025,7,0.175,4,0.1,25,0
0,0,0,1,0,29,0,0.0,0.06896551724137931,6,0.20689655172413793,3,0.10344827586206896,28,0
1,3,1,0,0,65,4,0.06153846153846154,0.046153846153846156,10,0.15384615384615385,6,0.09230769230769231,30,0
1,4,0,0,0,70,1,0.014285714285714285,0.014285714285714285,9,0.12857142857142856,6,0.08571428571428572,38,0
0,3,1,1,0,47,1,0.02127659574468085,0.0425531914893617,8,0.1702127659574468,5,0.10638297872340426,17,0
0,2,1,1,0,46,0,0.0,0.043478260869565216,8,0.17391304347826086,5,0.10869565217391304,35,0
0,1,0,0,0,31,0,0.0,0.0967741935483871,9,0.2903225806451613,4,0.12903225806451613,14,0
1,3,1,0,0,70,0,0.0,0.014285714285714285,8,0.11428571428571428,5,0.07142857142857142,26,0
1,2,1,1,0,68,2,0.029411764705882353,0.029411764705882353,9,0.1323529411764706,5,0.07352941176470588,15,0
1,4,0,0,0,60,0,0.0,0.1,13,0.21666666666666667,6,0.1,20,0
0,0,0,0,0,35,1,0.02857142857142857,0.05714285714285714,6,0.17142857142857143,3,0.08571428571428572,29,0
0,2,1,1,0,46,0,0.0,0.08695652173913043,9,0.1956521739130435,4,0.08695652173913043,27,0
0,0,0,0,0,29,0,0.0,0.06896551724137931,6,0.20689655172413793,3,0.10344827586206896,25,0
1,2,1,0,0,63,3,0.047619047619047616,0.015873015873015872,7,0.1111111111111111,4,0.06349206349206349,29,0
0,1,0,0,0,31,0,0.0,0.06451612903225806,6,0.1935483870967742,3,0.0967741935483871,27,0
0,0,0,0,0,29,0,0.0,0.06896551724137931,6,0.20689655172413793,3,0.10344827586206896,28,0
0,0,1,0,0,24,0,0.0,0.125,7,0.2916666666666667,3,0.125,6,0
0,0,1,1,0,27,0,0.0,0.07407407407407407,6,0.2222222222222222,3,0.1111111111111111,7,0
1,1,1,1,0,70,0,0.0,0.05714285714285714,15,0.21428571428571427,3,0.04285714285714286,62,0
0,1,0,0,0,33,0,0.0,0.06060606060606061,7,0.21212121212121213,4,0.12121212121212122,27,0
1,2,0,0,0,70,0,0.0,0.07142857142857142,18,0.2571428571428571,9,0.12857142857142856,46,0
0,0,0,0,0,26,0,0.0,0.07692307692307693,6,0.23076923076923078,3,0.11538461538461539,28,0
1,2,0,0,0,70,3,0.04285714285714286,0.02857142857142857,8,0.11428571428571428,4,0.05714285714285714,11,0
0,2,1,0,0,37,0,0.0,0.08108108108108109,8,0.21621621621621623,4,0.10810810810810811,25,0
0,1,1,1,0,37,0,0.0,0.10810810810810811,8,0.21621621621621623,3,0.08108108108108109,17,0
1,4,0,0,0,70,0,0.0,0.02857142857142857,10,0.14285714285714285,6,0.08571428571428572,34,0
0,0,0,0,0,24,0,0.0,0.08333333333333333,6,0.25,3,0.125,27,0
0,1,1,1,0,39,0,0.0,0.05128205128205128,7,0.1794871794871795,3,0.07692307692307693,36,0
0,0,1,0,0,31,0,0.0,0.06451612903225806,6,0.1935483870967742,3,0.0967741935483871,9,0
1,3,1,1,0,70,1,0.014285714285714285,0.04285714285714286,15,0.21428571428571427,5,0.07142857142857142,11,0
0,0,0,0,0,27,0,0.0,0.07407407407407407,6,0.2222222222222222,3,0.1111111111111111,7,0
0,0,1,0,0,28,0,0.0,0.10714285714285714,7,0.25,3,0.10714285714285714,11,0
1,4,1,1,0,70,0,0.0,0.014285714285714285,9,0.12857142857142856,6,0.08571428571428572,17,0
0,3,1,1,0,47,0,0.0,0.06382978723404255,10,0.2127659574468085,5,0.10638297872340426,14,0
0,0,0,0,0,34,0,0.0,0.058823529411764705,6,0.17647058823529413,3,0.08823529411764706,31,0
1,3,0,1,0,54,0,0.0,0.037037037037037035,8,0.14814814814814814,5,0.09259259259259259,37,0
0,0,0,0,0,30,0,0.0,0.06666666666666667,6,0.2,3,0.1,25,0
0,0,0,0,0,32,0,0.0,0.0625,8,0.25,3,0.09375,25,0
1,0,1,1,0,70,0,0.0,0.014285714285714285,8,0.11428571428571428,2,0.02857142857142857,24,0
0,3,1,1,0,49,0,0.0,0.061224489795918366,9,0.1836734693877551,5,0.10204081632653061,12,0
1,4,1,1,0,70,0,0.0,0.07142857142857142,13,0.18571428571428572,6,0.08571428571428572,12,0
0,0,0,0,0,29,0,0.0,0.06896551724137931,6,0.20689655172413793,3,0.10344827586206896,27,0
1,2,0,0,0,70,0,0.0,0.014285714285714285,6,0.08571428571428572,4,0.05714285714285714,38,0
0,2,1,1,0,46,0,0.0,0.043478260869565216,10,0.21739130434782608,5,0.10869565217391304,14,0
0,3,1,1,0,44,0,0.0,0.09090909090909091,10,0.22727272727272727,5,0.11363636363636363,10,0
1,2,0,0,0,65,0,0.0,0.1076923076923077,12,0.18461538461538463,4,0.06153846153846154,57,0
0,0,0,0,0,29,0,0.0,0.06896551724137931,6,0.20689655172413793,3,0.10344827586206896,29,0
1,2,0,0,0,70,1,0.014285714285714285,0.02857142857142857,9,0.12857142857142856,4,0.05714285714285714,33,0
0,3,0,1,0,51,0,0.0,0.0392156862745098,8,0.1568627450980392,5,0.09803921568627451,29,0
0,0,0,0,0,30,0,0.0,0.06666666666666667,6,0.2,3,0.1,24,0
0,1,0,1,0,31,0,0.0,0.03225806451612903,5,0.16129032258064516,3,0.0967741935483871,12,0
0,1,1,1,0,31,0,0.0,0.12903225806451613,10,0.3225806451612903,4,0.12903225806451613,11,0
0,0,0,0,1,21,0,0.0,0.09523809523809523,6,0.2857142857142857,3,0.14285714285714285,27,0
0,1,0,1,0,52,1,0.019230769230769232,0.057692307692307696,10,0.19230769230769232,3,0.057692307692307696,30,0
0,0,1,0,0,18,0,0.0,0.1111111111111111,6,0.3333333333333333,3,0.16666666666666666,4,0
1,6,0,0,0,70,3,0.04285714285714286,0.014285714285714285,11,0.15714285714285714,8,0.11428571428571428,32,0
0,0,0,1,0,21,0,0.0,0.09523809523809523,6,0.2857142857142857,3,0.14285714285714285,25,0
0,0,0,0,0,25,0,0.0,0.08,6,0.24,3,0.12,23,0
0,0,0,0,0,27,0,0.0,0.07407407407407407,6,0.2222222222222222,3,0.1111111111111111,26,0
1,2,1,1,0,57,0,0.0,0.07017543859649122,9,0.15789473684210525,4,0.07017543859649122,29,0
0,0,0,0,0,21,0,0.0,0.047619047619047616,5,0.23809523809523808,3,0.14285714285714285,28,0
0,2,1,1,0,38,0,0.0,0.07894736842105263,8,0.21052631578947367,4,0.10526315789473684,23,0
0,3,0,0,0,47,0,0.0,0.0425531914893617,8,0.1702127659574468,5,0.10638297872340426,25,0
0,0,0,0,0,34,0,0.0,0.08823529411764706,7,0.20588235294117646,3,0.08823529411764706,35,0
0,0,0,0,1,26,0,0.0,0.07692307692307693,6,0.23076923076923078,3,0.11538461538461539,25,0
1,4,0,0,0,70,0,0.0,0.05714285714285714,16,0.22857142857142856,6,0.08571428571428572,50,0
1,2,1,1,0,70,2,0.02857142857142857,0.014285714285714285,13,0.18571428571428572,5,0.07142857142857142,8,0
0,2,0,0,0,32,0,0.0,0.03125,6,0.1875,4,0.125,25,0
0,1,0,0,0,31,0,0.0,0.03225806451612903,6,0.1935483870967742,4,0.12903225806451613,8,0
0,0,0,0,0,21,0,0.0,0.047619047619047616,5,0.23809523809523808,3,0.14285714285714285,28,0
0,0,0,0,0,25,0,0.0,0.08,6,0.24,3,0.12,28,0
0,3,1,0,0,49,0,0.0,0.04081632653061224,9,0.1836734693877551,5,0.10204081632653061,30,0
0,2,1,1,0,41,0,0.0,0.07317073170731707,8,0.1951219512195122,4,0.0975609756097561,33,0
1,2,0,0,0,70,3,0.04285714285714286,0.02857142857142857,9,0.12857142857142856,4,0.05714285714285714,16,0
1,5,0,1,0,70,0,0.0,0.02857142857142857,13,0.18571428571428572,7,0.1,36,0
1,4,0,0,0,70,0,0.0,0.02857142857142857,10,0.14285714285714285,6,0.08571428571428572,33,0
0,0,0,0,0,27,0,0.0,0.07407407407407407,6,0.2222222222222222,3,0.1111111111111111,24,0
0,2,1,0,0,32,0,0.0,0.03125,6,0.1875,4,0.125,27,0
0,0,0,0,0,25,0,0.0,0.08,6,0.24,3,0.12,25,0
0,0,0,0,0,28,0,0.0,0.07142857142857142,6,0.21428571428571427,3,0.10714285714285714,23,0
0,2,1,1,0,34,0,0.0,0.058823529411764705,8,0.23529411764705882,5,0.14705882352941177,28,0
0,0,0,0,0,29,0,0.0,0.06896551724137931,6,0.20689655172413793,3,0.10344827586206896,25,0
0,0,1,1,0,23,0,0.0,0.13043478260869565,7,0.30434782608695654,3,0.13043478260869565,8,0
0,3,1,1,0,49,0,0.0,0.061224489795918366,11,0.22448979591836735,5,0.10204081632653061,31,0
0,0,0,0,0,23,0,0.0,0.08695652173913043,6,0.2608695652173913,3,0.13043478260869565,10,0
0,0,0,0,0,29,0,0.0,0.06896551724137931,7,0.2413793103448276,3,0.10344827586206896,25,0
0,2,1,1,0,40,0,0.0,0.05,8,0.2,5,0.125,4,0
0,2,1,1,0,35,0,0.0,0.05714285714285714,7,0.2,4,0.11428571428571428,11,0
0,0,1,1,0,22,0,0.0,0.09090909090909091,6,0.2727272727272727,3,0.13636363636363635,23,0
1,4,1,1,0,66,0,0.0,0.030303030303030304,11,0.16666666666666666,7,0.10606060606060606,12,0
0,0,0,0,0,25,0,0.0,0.08,6,0.24,3,0.12,24,0
0,0,0,0,0,34,0,0.0,0.058823529411764705,6,0.17647058823529413,3,0.08823529411764706,30,0
0,0,0,0,0,31,0,0.0,0.0967741935483871,7,0.22580645161290322,3,0.0967741935483871,14,0
0,0,0,0,0,37,0,0.0,0.05405405405405406,8,0.21621621621621623,3,0.08108108108108109,32,0
0,1,0,1,0,39,1,0.02564102564102564,0.07692307692307693,7,0.1794871794871795,3,0.07692307692307693,34,0
0,0,0,0,0,25,0,0.0,0.04,5,0.2,3,0.12,27,0
0,0,0,0,0,27,0,0.0,0.07407407407407407,6,0.2222222222222222,3,0.1111111111111111,29,0
1,3,0,0,0,70,0,0.0,0.02857142857142857,11,0.15714285714285714,6,0.08571428571428572,31,0
0,0,0,0,0,31,0,0.0,0.06451612903225806,6,0.1935483870967742,3,0.0967741935483871,25,0
1,5,0,0,0,54,0,0.0,0.07407407407407407,13,0.24074074074074073,7,0.12962962962962962,12,0
0,0,0,0,0,31,0,0.0,0.06451612903225806,7,0.22580645161290322,3,0.0967741935483871,28,0
1,2,1,1,0,67,1,0.014925373134328358,0.08955223880597014,12,0.1791044776119403,4,0.05970149253731343,32,0
0,0,0,0,0,29,0,0.0,0.06896551724137931,7,0.2413793103448276,3,0.10344827586206896,42,0
1,2,0,0,0,62,0,0.0,0.04838709677419355,11,0.1774193548387097,4,0.06451612903225806,36,0
1,2,0,0,0,63,2,0.031746031746031744,0.015873015873015872,7,0.1111111111111111,5,0.07936507936507936,23,0
1,2,0,0,0,67,0,0.0,0.04477611940298507,9,0.13432835820895522,4,0.05970149253731343,48,0
0,2,1,1,0,46,0,0.0,0.08695652173913043,9,0.1956521739130435,4,0.08695652173913043,31,0
0,1,0,0,0,36,0,0.0,0.05555555555555555,7,0.19444444444444445,3,0.08333333333333333,29,0
1,4,0,0,0,65,0,0.0,0.07692307692307693,13,0.2,6,0.09230769230769231,24,0
0,2,1,1,0,43,0,0.0,0.046511627906976744,7,0.16279069767441862,4,0.09302325581395349,26,0
0,0,1,1,0,26,0,0.0,0.11538461538461539,7,0.2692307692307692,3,0.11538461538461539,28,0
0,3,1,1,0,51,0,0.0,0.0392156862745098,9,0.17647058823529413,5,0.09803921568627451,13,0
1,6,1,1,0,70,0,0.0,0.02857142857142857,13,0.18571428571428572,8,0.11428571428571428,11,0
1,5,0,0,0,68,0,0.0,0.029411764705882353,11,0.16176470588235295,7,0.10294117647058823,44,0
1,4,0,1,0,70,0,0.0,0.014285714285714285,9,0.12857142857142856,6,0.08571428571428572,18,0
0,0,0,0,0,26,0,0.0,0.07692307692307693,6,0.23076923076923078,3,0.11538461538461539,28,0
0,0,0,0,0,38,0,0.0,0.05263157894736842,6,0.15789473684210525,3,0.07894736842105263,31,0
1,0,1,1,0,70,0,0.0,0.02857142857142857,13,0.18571428571428572,2,0.02857142857142857,47,0
0,0,0,0,0,25,0,0.0,0.08,6,0.24,3,0.12,7,0
1,6,0,0,0,70,0,0.0,0.02857142857142857,13,0.18571428571428572,9,0.12857142857142856,41,0
1,1,1,1,0,54,0,0.0,0.05555555555555555,10,0.18518518518518517,3,0.05555555555555555,21,0
0,2,1,1,0,40,0,0.0,0.05,8,0.2,5,0.125,10,0
0,0,0,0,0,29,0,0.0,0.06896551724137931,6,0.20689655172413793,3,0.10344827586206896,25,0
0,0,0,0,0,25,0,0.0,0.08,6,0.24,3,0.12,30,0
1,4,0,0,0,70,4,0.05714285714285714,0.014285714285714285,13,0.18571428571428572,6,0.08571428571428572,36,0
0,0,0,0,0,26,0,0.0,0.07692307692307693,6,0.23076923076923078,3,0.11538461538461539,30,0
0,1,1,1,0,37,0,0.0,0.08108108108108109,8,0.21621621621621623,4,0.10810810810810811,23,0
1,7,1,1,0,65,0,0.0,0.03076923076923077,14,0.2153846153846154,10,0.15384615384615385,11,0
0,0,1,0,0,18,0,0.0,0.1111111111111111,6,0.3333333333333333,3,0.16666666666666666,5,0
0,0,0,0,0,29,0,0.0,0.06896551724137931,6,0.20689655172413793,3,0.10344827586206896,27,0
1,4,0,0,0,70,0,0.0,0.05714285714285714,11,0.15714285714285714,6,0.08571428571428572,57,0
1,3,1,0,0,70,1,0.014285714285714285,0.014285714285714285,7,0.1,5,0.07142857142857142,33,0
1,5,0,1,0,69,0,0.0,0.028985507246376812,10,0.14492753623188406,7,0.10144927536231885,36,0
0,0,0,0,1,26,0,0.0,0.07692307692307693,6,0.23076923076923078,3,0.11538461538461539,25,0
0,2,0,0,0,49,0,0.0,0.04081632653061224,8,0.16326530612244897,4,0.08163265306122448,15,0
0,0,0,0,0,28,0,0.0,0.07142857142857142,6,0.21428571428571427,3,0.10714285714285714,25,0
1,3,0,0,0,70,2,0.02857142857142857,0.02857142857142857,8,0.11428571428571428,5,0.07142857142857142,40,0
0,2,1,0,0,37,0,0.0,0.05405405405405406,8,0.21621621621621623,5,0.13513513513513514,26,0
1,4,0,1,1,70,0,0.0,0.02857142857142857,10,0.14285714285714285,6,0.08571428571428572,8,0
0,4,1,0,0,53,0,0.0,0.03773584905660377,9,0.16981132075471697,6,0.11320754716981132,31,0
1,4,1,1,0,64,0,0.0,0.046875,12,0.1875,6,0.09375,11,0
0,0,0,0,0,28,0,0.0,0.07142857142857142,6,0.21428571428571427,3,0.10714285714285714,27,0
0,0,0,0,0,22,0,0.0,0.09090909090909091,6,0.2727272727272727,3,0.13636363636363635,23,0
0,0,0,0,0,35,0,0.0,0.05714285714285714,6,0.17142857142857143,3,0.08571428571428572,29,0
1,4,0,0,0,70,2,0.02857142857142857,0.02857142857142857,10,0.14285714285714285,6,0.08571428571428572,35,0
0,0,0,1,0,33,0,0.0,0.09090909090909091,8,0.24242424242424243,3,0.09090909090909091,16,0
1,3,1,0,0,70,3,0.04285714285714286,0.014285714285714285,7,0.1,5,0.07142857142857142,28,0
0,0,0,1,0,39,0,0.0,0.07692307692307693,7,0.1794871794871795,3,0.07692307692307693,18,0
0,0,0,0,0,25,0,0.0,0.12,7,0.28,3,0.12,12,0
0,0,0,0,0,31,0,0.0,0.06451612903225806,6,0.1935483870967742,3,0.0967741935483871,28,0
1,6,0,0,0,70,0,0.0,0.04285714285714286,12,0.17142857142857143,8,0.11428571428571428,30,0
1,3,1,1,0,70,0,0.0,0.02857142857142857,9,0.12857142857142856,5,0.07142857142857142,31,0
0,2,1,0,0,49,0,0.0,0.061224489795918366,8,0.16326530612244897,4,0.08163265306122448,29,0
0,1,0,0,0,53,0,0.0,0.07547169811320754,9,0.16981132075471697,3,0.05660377358490566,18,0
0,1,0,0,0,35,0,0.0,0.08571428571428572,7,0.2,3,0.08571428571428572,31,0
1,5,1,1,0,70,0,0.0,0.04285714285714286,12,0.17142857142857143,7,0.1,47,0
1,5,1,1,0,70,0,0.0,0.02857142857142857,10,0.14285714285714285,7,0.1,45,0
0,1,0,1,0,41,0,0.0,0.07317073170731707,7,0.17073170731707318,3,0.07317073170731707,30,0
0,2,1,1,0,40,0,0.0,0.05,7,0.175,4,0.1,28,0
1,3,0,0,0,55,0,0.0,0.03636363636363636,8,0.14545454545454545,5,0.09090909090909091,36,0
0,2,0,0,0,34,0,0.0,0.058823529411764705,7,0.20588235294117646,4,0.11764705882352941,8,0
0,1,1,1,0,35,0,0.0,0.05714285714285714,6,0.17142857142857143,3,0.08571428571428572,8,0
0,3,1,1,0,46,0,0.0,0.08695652173913043,11,0.2391304347826087,5,0.10869565217391304,29,0
0,1,0,0,0,40,0,0.0,0.05,7,0.175,3,0.075,30,0
0,2,0,0,0,45,0,0.0,0.044444444444444446,8,0.17777777777777778,5,0.1111111111111111,32,0
0,0,1,1,0,22,0,0.0,0.13636363636363635,7,0.3181818181818182,3,0.13636363636363635,25,0
1,3,0,0,0,70,1,0.014285714285714285,0.04285714285714286,11,0.15714285714285714,5,0.07142857142857142,22,0
1,1,0,0,0,70,0,0.0,0.08571428571428572,11,0.15714285714285714,3,0.04285714285714286,57,0
1,2,0,0,0,70,1,0.014285714285714285,0.02857142857142857,8,0.11428571428571428,4,0.05714285714285714,29,0
0,0,0,0,0,33,0,0.0,0.06060606060606061,6,0.18181818181818182,3,0.09090909090909091,28,0
0,0,0,0,1,36,0,0.0,0.05555555555555555,6,0.16666666666666666,3,0.08333333333333333,26,0
1,1,0,0,0,70,0,0.0,0.014285714285714285,7,0.1,3,0.04285714285714286,39,0
0,0,0,0,0,32,0,0.0,0.0625,7,0.21875,3,0.09375,30,0
0,1,0,0,0,37,0,0.0,0.05405405405405406,7,0.1891891891891892,4,0.10810810810810811,31,0
0,0,0,0,0,28,0,0.0,0.07142857142857142,6,0.21428571428571427,3,0.10714285714285714,25,0
1,5,1,1,0,70,0,0.0,0.02857142857142857,11,0.15714285714285714,7,0.1,42,0
0,0,1,0,0,23,0,0.0,0.08695652173913043,6,0.2608695652173913,3,0.13043478260869565,6,0
1,3,1,1,0,56,0,0.0,0.07142857142857142,10,0.17857142857142858,5,0.08928571428571429,17,0
1,3,0,0,0,69,0,0.0,0.014492753623188406,8,0.11594202898550725,6,0.08695652173913043,10,0
1,3,1,1,0,71,0,0.0,0.056338028169014086,13,0.18309859154929578,5,0.07042253521126761,28,0
0,1,1,1,0,31,0,0.0,0.03225806451612903,5,0.16129032258064516,3,0.0967741935483871,26,0
0,1,0,0,0,45,0,0.0,0.044444444444444446,8,0.17777777777777778,4,0.08888888888888889,34,0
0,1,1,0,0,31,0,0.0,0.03225806451612903,6,0.1935483870967742,4,0.12903225806451613,27,0
0,1,1,1,0,39,0,0.0,0.10256410256410256,8,0.20512820512820512,3,0.07692307692307693,27,0
1,4,1,1,0,70,1,0.014285714285714285,0.04285714285714286,11,0.15714285714285714,6,0.08571428571428572,32,0
0,2,0,0,0,44,1,0.022727272727272728,0.06818181818181818,8,0.18181818181818182,4,0.09090909090909091,29,0
0,0,0,0,0,26,0,0.0,0.07692307692307693,6,0.23076923076923078,3,0.11538461538461539,24,0
0,0,0,0,0,27,0,0.0,0.07407407407407407,6,0.2222222222222222,3,0.1111111111111111,29,0
0,0,0,0,0,24,0,0.0,0.08333333333333333,6,0.25,3,0.125,27,0
1,4,1,1,0,56,0,0.0,0.017857142857142856,11,0.19642857142857142,7,0.125,21,0
0,1,1,1,0,40,0,0.0,0.075,8,0.2,3,0.075,12,0
0,0,0,0,0,24,0,0.0,0.08333333333333333,6,0.25,3,0.125,23,0
0,0,0,0,0,30,0,0.0,0.06666666666666667,7,0.23333333333333334,3,0.1,13,0
1,1,1,1,0,70,4,0.05714285714285714,0.014285714285714285,9,0.12857142857142856,3,0.04285714285714286,20,0
1,1,1,0,0,70,0,0.0,0.04285714285714286,12,0.17142857142857143,3,0.04285714285714286,39,0
1,2,0,0,0,70,1,0.014285714285714285,0.02857142857142857,8,0.11428571428571428,4,0.05714285714285714,35,0
0,0,0,0,0,30,0,0.0,0.1,7,0.23333333333333334,3,0.1,12,0
0,0,0,0,0,28,0,0.0,0.10714285714285714,7,0.25,3,0.10714285714285714,12,0
0,1,0,0,0,35,0,0.0,0.02857142857142857,6,0.17142857142857143,4,0.11428571428571428,31,0
0,0,0,0,1,26,0,0.0,0.07692307692307693,6,0.23076923076923078,3,0.11538461538461539,23,0
0,1,0,1,0,28,0,0.0,0.07142857142857142,6,0.21428571428571427,3,0.10714285714285714,24,0
0,0,0,0,0,39,0,0.0,0.05128205128205128,6,0.15384615384615385,3,0.07692307692307693,25,0
0,0,0,0,0,22,0,0.0,0.09090909090909091,6,0.2727272727272727,3,0.13636363636363635,25,0
0,3,1,1,0,40,0,0.0,0.075,9,0.225,5,0.125,14,0
0,0,0,0,0,31,0,0.0,0.06451612903225806,6,0.1935483870967742,3,0.0967741935483871,25,0
0,0,0,1,0,35,0,0.0,0.02857142857142857,5,0.14285714285714285,3,0.08571428571428572,25,0
0,0,0,0,0,36,0,0.0,0.05555555555555555,6,0.16666666666666666,3,0.08333333333333333,32,0
1,4,1,0,0,70,0,0.0,0.07142857142857142,13,0.18571428571428572,6,0.08571428571428572,31,0
0,0,1,1,0,21,0,0.0,0.09523809523809523,6,0.2857142857142857,3,0.14285714285714285,4,0
0,0,0,0,1,28,0,0.0,0.07142857142857142,6,0.21428571428571427,3,0.10714285714285714,25,0
1,5,1,1,0,70,0,0.0,0.014285714285714285,11,0.15714285714285714,8,0.11428571428571428,31,0
0,0,0,0,0,22,0,0.0,0.09090909090909091,6,0.2727272727272727,3,0.13636363636363635,24,0
0,3,0,0,0,49,0,0.0,0.04081632653061224,8,0.16326530612244897,5,0.10204081632653061,27,0
0,0,0,0,0,34,0,0.0,0.058823529411764705,6,0.17647058823529413,3,0.08823529411764706,25,0
0,1,0,0,1,38,0,0.0,0.07894736842105263,7,0.18421052631578946,3,0.07894736842105263,28,0
1,3,0,0,0,63,3,0.047619047619047616,0.015873015873015872,8,0.12698412698412698,6,0.09523809523809523,23,0
0,0,0,0,0,32,0,0.0,0.0625,6,0.1875,3,0.09375,11,0
0,0,0,0,0,21,0,0.0,0.09523809523809523,6,0.2857142857142857,3,0.14285714285714285,5,0
0,0,0,0,0,34,0,0.0,0.058823529411764705,6,0.17647058823529413,3,0.08823529411764706,26,0
0,2,1,1,0,52,0,0.0,0.057692307692307696,8,0.15384615384615385,4,0.07692307692307693,38,0
1,1,1,1,0,54,0,0.0,0.05555555555555555,8,0.14814814814814814,4,0.07407407407407407,33,0
0,0,0,0,0,29,0,0.0,0.034482758620689655,7,0.2413793103448276,3,0.10344827586206896,29,0
0,0,0,0,0,35,0,0.0,0.05714285714285714,6,0.17142857142857143,3,0.08571428571428572,29,0
0,2,1,1,0,50,0,0.0,0.06,10,0.2,5,0.1,21,0
1,1,1,1,0,70,0,0.0,0.04285714285714286,13,0.18571428571428572,3,0.04285714285714286,60,0
0,1,1,1,0,37,0,0.0,0.05405405405405406,6,0.16216216216216217,3,0.08108108108108109,30,0
1,2,0,1,0,70,0,0.0,0.04285714285714286,10,0.14285714285714285,4,0.05714285714285714,35,0
0,0,0,0,0,26,0,0.0,0.07692307692307693,6,0.23076923076923078,3,0.11538461538461539,29,0
1,3,0,0,0,60,0,0.0,0.08333333333333333,11,0.18333333333333332,5,0.08333333333333333,14,0
1,0,1,1,0,70,0,0.0,0.08571428571428572,12,0.17142857142857143,2,0.02857142857142857,27,0
1,4,1,0,0,70,0,0.0,0.02857142857142857,10,0.14285714285714285,6,0.08571428571428572,37,0
0,0,0,0,0,20,0,0.0,0.05,6,0.3,3,0.15,11,0
0,1,1,0,0,35,0,0.0,0.05714285714285714,7,0.2,4,0.11428571428571428,27,0
0,0,0,0,0,31,0,0.0,0.06451612903225806,6,0.1935483870967742,3,0.0967741935483871,29,0
0,1,1,1,0,33,0,0.0,0.06060606060606061,8,0.24242424242424243,4,0.12121212121212122,29,0
0,0,0,1,0,27,0,0.0,0.07407407407407407,6,0.2222222222222222,3,0.1111111111111111,23,0
0,3,1,1,0,48,0,0.0,0.0625,11,0.22916666666666666,6,0.125,35,0
1,2,1,0,0,70,0,0.0,0.014285714285714285,6,0.08571428571428572,4,0.05714285714285714,35,0
0,2,1,1,0,37,0,0.0,0.05405405405405406,9,0.24324324324324326,5,0.13513513513513514,10,0
0,2,0,0,0,34,1,0.029411764705882353,0.029411764705882353,6,0.17647058823529413,4,0.11764705882352941,30,0
0,0,0,1,1,23,0,0.0,0.08695652173913043,6,0.2608695652173913,3,0.13043478260869565,26,0
0,0,0,0,0,23,0,0.0,0.08695652173913043,6,0.2608695652173913,3,0.13043478260869565,25,0
0,0,0,0,0,24,0,0.0,0.08333333333333333,6,0.25,3,0.125,27,0
1,2,1,1,0,70,0,0.0,0.014285714285714285,6,0.08571428571428572,4,0.05714285714285714,31,0
0,2,1,1,0,49,0,0.0,0.061224489795918366,9,0.1836734693877551,5,0.10204081632653061,26,0
0,0,0,0,0,29,0,0.0,0.10344827586206896,7,0.2413793103448276,3,0.10344827586206896,14,0
1,2,0,0,0,58,2,0.034482758620689655,0.017241379310344827,6,0.10344827586206896,4,0.06896551724137931,27,0
0,0,0,0,0,25,0,0.0,0.08,6,0.24,3,0.12,26,0
0,3,1,0,0,42,0,0.0,0.047619047619047616,8,0.19047619047619047,5,0.11904761904761904,9,0
1,4,1,1,0,57,0,0.0,0.08771929824561403,13,0.22807017543859648,6,0.10526315789473684,12,0
0,0,0,0,0,26,0,0.0,0.07692307692307693,6,0.23076923076923078,3,0.11538461538461539,27,0
0,0,0,0,0,30,0,0.0,0.06666666666666667,6,0.2,3,0.1,27,0
0,0,0,0,0,26,0,0.0,0.07692307692307693,6,0.23076923076923078,3,0.11538461538461539,29,0
0,0,1,0,0,25,0,0.0,0.08,6,0.24,3,0.12,6,0
0,3,0,0,0,45,0,0.0,0.044444444444444446,8,0.17777777777777778,5,0.1111111111111111,13,0
0,1,1,1,0,50,0,0.0,0.06,9,0.18,3,0.06,12,0
0,3,0,0,0,42,0,0.0,0.07142857142857142,9,0.21428571428571427,5,0.11904761904761904,13,0
0,0,0,0,0,27,0,0.0,0.07407407407407407,6,0.2222222222222222,3,0.1111111111111111,25,0
0,1,1,1,0,47,0,0.0,0.0425531914893617,7,0.14893617021276595,4,0.0851063829787234,17,0
0,0,0,0,0,33,0,0.0,0.06060606060606061,6,0.18181818181818182,3,0.09090909090909091,26,0
0,2,1,0,0,33,0,0.0,0.030303030303030304,6,0.18181818181818182,4,0.12121212121212122,15,0
0,2,0,0,0,50,0,0.0,0.04,8,0.16,4,0.08,33,0
0,0,0,0,0,20,0,0.0,0.1,6,0.3,3,0.15,23,0
0,0,0,0,1,24,0,0.0,0.08333333333333333,6,0.25,3,0.125,25,0
0,0,0,0,0,22,0,0.0,0.09090909090909091,6,0.2727272727272727,3,0.13636363636363635,23,0
0,2,1,1,0,41,0,0.0,0.07317073170731707,8,0.1951219512195122,4,0.0975609756097561,31,0
1,3,0,0,1,70,1,0.014285714285714285,0.02857142857142857,8,0.11428571428571428,5,0.07142857142857142,29,0
1,2,0,0,0,63,5,0.07936507936507936,0.015873015873015872,6,0.09523809523809523,4,0.06349206349206349,8,0
0,0,0,0,0,30,0,0.0,0.06666666666666667,6,0.2,3,0.1,28,0
1,5,0,0,0,70,1,0.014285714285714285,0.014285714285714285,11,0.15714285714285714,7,0.1,35,0
0,2,1,0,0,34,0,0.0,0.029411764705882353,6,0.17647058823529413,4,0.11764705882352941,16,0
1,5,1,0,0,70,0,0.0,0.02857142857142857,11,0.15714285714285714,7,0.1,30,0
0,0,0,1,0,26,0,0.0,0.07692307692307693,6,0.23076923076923078,3,0.11538461538461539,23,0
0,2,1,1,0,28,0,0.0,0.07142857142857142,7,0.25,4,0.14285714285714285,4,0
1,5,0,0,0,70,2,0.02857142857142857,0.014285714285714285,10,0.14285714285714285,7,0.1,37,0
0,3,1,1,0,40,0,0.0,0.05,8,0.2,5,0.125,31,0
1,3,0,0,0,70,0,0.0,0.04285714285714286,12,0.17142857142857143,5,0.07142857142857142,38,0
1,6,0,1,0,70,1,0.014285714285714285,0.02857142857142857,13,0.18571428571428572,8,0.11428571428571428,10,0
1,4,1,1,0,70,3,0.04285714285714286,0.02857142857142857,10,0.14285714285714285,6,0.08571428571428572,31,0
0,0,0,0,0,29,0,0.0,0.10344827586206896,7,0.2413793103448276,3,0.10344827586206896,16,0
1,3,1,0,0,70,1,0.014285714285714285,0.02857142857142857,8,0.11428571428571428,5,0.07142857142857142,35,0
0,0,0,0,0,32,0,0.0,0.0625,6,0.1875,3,0.09375,26,0
1,3,1,0,0,67,0,0.0,0.029850746268656716,10,0.14925373134328357,5,0.07462686567164178,32,0
0,0,0,0,0,27,0,0.0,0.07407407407407407,6,0.2222222222222222,3,0.1111111111111111,25,0
0,0,0,0,0,31,0,0.0,0.06451612903225806,6,0.1935483870967742,3,0.0967741935483871,27,0
0,0,0,0,0,32,0,0.0,0.0625,6,0.1875,3,0.09375,28,0
1,0,1,1,0,57,2,0.03508771929824561,0.03508771929824561,6,0.10526315789473684,3,0.05263157894736842,14,0
0,0,0,0,0,24,0,0.0,0.041666666666666664,5,0.20833333333333334,3,0.125,13,0
0,2,0,0,0,36,0,0.0,0.027777777777777776,8,0.2222222222222222,5,0.1388888888888889,15,0
1,2,0,0,0,70,1,0.014285714285714285,0.02857142857142857,8,0.11428571428571428,4,0.05714285714285714,35,0
0,5,1,1,0,53,1,0.018867924528301886,0.03773584905660377,11,0.20754716981132076,7,0.1320754716981132,15,0
0,0,0,0,0,23,0,0.0,0.043478260869565216,5,0.21739130434782608,3,0.13043478260869565,12,0
1,4,0,1,0,70,2,0.02857142857142857,0.02857142857142857,9,0.12857142857142856,6,0.08571428571428572,30,0
0,0,0,0,0,28,0,0.0,0.10714285714285714,7,0.25,3,0.10714285714285714,12,0
1,5,0,0,0,55,0,0.0,0.01818181818181818,11,0.2,7,0.12727272727272726,17,0
1,4,0,0,1,64,0,0.0,0.046875,11,0.171875,6,0.09375,13,0
0,2,0,0,0,32,0,0.0,0.03125,9,0.28125,6,0.1875,23,0
1,3,1,1,0,70,0,0.0,0.05714285714285714,11,0.15714285714285714,5,0.07142857142857142,17,0
0,0,0,0,0,32,0,0.0,0.0625,6,0.1875,3,0.09375,25,0
0,0,0,0,0,24,0,0.0,0.08333333333333333,6,0.25,3,0.125,10,0
0,0,0,0,0,37,0,0.0,0.05405405405405406,6,0.16216216216216217,3,0.08108108108108109,29,0
0,0,0,0,1,32,0,0.0,0.0625,6,0.1875,3,0.09375,32,0
0,0,0,1,0,36,0,0.0,0.05555555555555555,6,0.16666666666666666,3,0.08333333333333333,48,0
1,3,0,1,0,70,0,0.0,0.04285714285714286,11,0.15714285714285714,5,0.07142857142857142,29,0
1,3,1,1,0,70,0,0.0,0.02857142857142857,8,0.11428571428571428,5,0.07142857142857142,46,0
0,0,1,0,0,26,0,0.0,0.07692307692307693,6,0.23076923076923078,3,0.11538461538461539,7,0
0,0,0,0,0,39,0,0.0,0.05128205128205128,6,0.15384615384615385,3,0.07692307692307693,33,0
0,3,1,1,0,52,0,0.0,0.057692307692307696,10,0.19230769230769232,5,0.09615384615384616,11,0
0,2,1,1,0,39,0,0.0,0.07692307692307693,8,0.20512820512820512,4,0.10256410256410256,11,0
1,3,0,0,0,70,1,0.014285714285714285,0.014285714285714285,9,0.12857142857142856,5,0.07142857142857142,32,0
0,0,1,1,0,28,0,0.0,0.07142857142857142,6,0.21428571428571427,3,0.10714285714285714,11,0
1,3,1,0,0,70,1,0.014285714285714285,0.014285714285714285,7,0.1,5,0.07142857142857142,33,0
1,3,1,1,0,66,0,0.0,0.045454545454545456,11,0.16666666666666666,6,0.09090909090909091,34,0
1,4,0,0,0,70,0,0.0,0.014285714285714285,11,0.15714285714285714,7,0.1,28,0
1,2,0,0,0,54,0,0.0,0.05555555555555555,8,0.14814814814814814,4,0.07407407407407407,34,0
1,4,0,1,0,70,0,0.0,0.04285714285714286,12,0.17142857142857143,6,0.08571428571428572,18,0
1,4,0,0,0,65,0,0.0,0.07692307692307693,13,0.2,6,0.09230769230769231,22,0
0,0,0,0,0,32,0,0.0,0.0625,6,0.1875,3,0.09375,25,0
0,0,0,0,0,29,0,0.0,0.06896551724137931,6,0.20689655172413793,3,0.10344827586206896,27,0
1,5,0,0,0,70,0,0.0,0.02857142857142857,13,0.18571428571428572,8,0.11428571428571428,35,0
0,0,1,1,0,21,0,0.0,0.09523809523809523,6,0.2857142857142857,3,0.14285714285714285,6,0
0,2,1,1,0,45,0,0.0,0.06666666666666667,8,0.17777777777777778,4,0.08888888888888889,29,0
1,4,0,0,1,70,0,0.0,0.014285714285714285,11,0.15714285714285714,7,0.1,33,0
1,5,1,1,0,70,0,0.0,0.04285714285714286,12,0.17142857142857143,7,0.1,19,0
0,1,1,1,0,22,0,0.0,0.09090909090909091,7,0.3181818181818182,4,0.18181818181818182,11,0
0,2,0,0,0,52,0,0.0,0.057692307692307696,8,0.15384615384615385,4,0.07692307692307693,13,0
0,0,0,0,0,29,0,0.0,0.06896551724137931,6,0.20689655172413793,3,0.10344827586206896,28,0
0,1,1,1,0,26,0,0.0,0.07692307692307693,7,0.2692307692307692,4,0.15384615384615385,4,0
0,0,0,0,0,23,0,0.0,0.08695652173913043,6,0.2608695652173913,3,0.13043478260869565,5,0
0,0,1,0,0,30,0,0.0,0.03333333333333333,7,0.23333333333333334,3,0.1,26,0
1,3,1,0,0,54,1,0.018518518518518517,0.018518518518518517,13,0.24074074074074073,6,0.1111111111111111,28,0
1,6,0,1,0,60,1,0.016666666666666666,0.03333333333333333,14,0.23333333333333334,8,0.13333333333333333,29,0
0,0,0,1,0,21,0,0.0,0.09523809523809523,6,0.2857142857142857,3,0.14285714285714285,25,0
1,4,0,0,0,57,0,0.0,0.017543859649122806,11,0.19298245614035087,8,0.14035087719298245,35,0
1,2,1,1,0,60,3,0.05,0.05,9,0.15,5,0.08333333333333333,11,0
0,0,1,1,0,31,0,0.0,0.0967741935483871,7,0.22580645161290322,3,0.0967741935483871,8,0
0,0,0,0,0,36,0,0.0,0.05555555555555555,6,0.16666666666666666,3,0.08333333333333333,29,0
0,0,0,0,0,23,0,0.0,0.08695652173913043,6,0.2608695652173913,3,0.13043478260869565,5,0
0,2,0,0,0,43,0,0.0,0.06976744186046512,8,0.18604651162790697,4,0.09302325581395349,33,0
0,0,0,0,0,20,0,0.0,0.1,6,0.3,3,0.15,8,0
0,0,0,0,0,32,0,0.0,0.0625,6,0.1875,3,0.09375,26,0
0,2,0,1,0,44,2,0.045454545454545456,0.06818181818181818,8,0.18181818181818182,4,0.09090909090909091,27,0
0,0,1,1,0,23,0,0.0,0.13043478260869565,7,0.30434782608695654,3,0.13043478260869565,25,0
0,0,1,1,0,28,0,0.0,0.10714285714285714,7,0.25,3,0.10714285714285714,26,0
0,0,0,0,0,35,0,0.0,0.05714285714285714,6,0.17142857142857143,3,0.08571428571428572,28,0
0,1,0,0,0,44,0,0.0,0.045454545454545456,7,0.1590909090909091,4,0.09090909090909091,32,0
0,0,1,1,0,21,0,0.0,0.09523809523809523,6,0.2857142857142857,3,0.14285714285714285,23,0
0,0,1,1,0,30,0,0.0,0.06666666666666667,6,0.2,3,0.1,7,0
0,0,0,0,1,32,0,0.0,0.0625,6,0.1875,3,0.09375,25,0
0,0,0,0,0,22,0,0.0,0.045454545454545456,5,0.22727272727272727,3,0.13636363636363635,24,0
0,2,1,0,0,39,0,0.0,0.05128205128205128,8,0.20512820512820512,4,0.10256410256410256,27,0
0,0,0,0,1,28,0,0.0,0.07142857142857142,6,0.21428571428571427,3,0.10714285714285714,23,0
1,4,0,0,0,70,0,0.0,0.02857142857142857,10,0.14285714285714285,6,0.08571428571428572,34,0
0,3,0,0,0,49,0,0.0,0.04081632653061224,8,0.16326530612244897,5,0.10204081632653061,29,0
1,3,1,1,0,70,0,0.0,0.02857142857142857,9,0.12857142857142856,5,0.07142857142857142,31,0
1,2,1,1,0,70,1,0.014285714285714285,0.014285714285714285,7,0.1,4,0.05714285714285714,30,0
1,2,0,0,0,58,0,0.0,0.06896551724137931,9,0.15517241379310345,4,0.06896551724137931,28,0
0,0,1,1,0,22,0,0.0,0.09090909090909091,6,0.2727272727272727,3,0.13636363636363635,23,0
0,3,0,0,0,50,0,0.0,0.04,9,0.18,6,0.12,29,0
0,1,0,0,0,35,0,0.0,0.08571428571428572,8,0.22857142857142856,3,0.08571428571428572,32,0
1,3,0,1,0,70,0,0.0,0.04285714285714286,9,0.12857142857142856,5,0.07142857142857142,32,0
0,0,0,1,0,21,0,0.0,0.09523809523809523,6,0.2857142857142857,3,0.14285714285714285,25,0
1,3,0,0,0,76,3,0.039473684210526314,0.02631578947368421,13,0.17105263157894737,5,0.06578947368421052,31,0
1,1,1,1,0,70,1,0.014285714285714285,0.04285714285714286,8,0.11428571428571428,3,0.04285714285714286,37,0
1,1,0,0,0,78,0,0.0,0.038461538461538464,13,0.16666666666666666,4,0.05128205128205128,29,0
1,0,1,0,0,54,0,0.0,0.07407407407407407,10,0.18518518518518517,3,0.05555555555555555,62,0
0,2,1,1,0,39,0,0.0,0.05128205128205128,7,0.1794871794871795,4,0.10256410256410256,10,0
1,6,0,0,1,55,0,0.0,0.03636363636363636,11,0.2,8,0.14545454545454545,15,0
0,3,1,1,0,40,0,0.0,0.05,9,0.225,5,0.125,13,0
0,0,0,0,0,24,0,0.0,0.08333333333333333,6,0.25,3,0.125,25,0
1,5,0,0,0,70,0,0.0,0.02857142857142857,11,0.15714285714285714,7,0.1,44,0
0,3,1,1,0,31,0,0.0,0.06451612903225806,8,0.25806451612903225,5,0.16129032258064516,13,0
0,0,0,0,1,28,0,0.0,0.07142857142857142,6,0.21428571428571427,3,0.10714285714285714,29,0
0,0,0,0,1,22,0,0.0,0.09090909090909091,6,0.2727272727272727,3,0.13636363636363635,23,0
0,1,0,0,0,23,1,0.043478260869565216,0.043478260869565216,5,0.21739130434782608,3,0.13043478260869565,11,0
0,2,0,0,0,40,0,0.0,0.05,7,0.175,4,0.1,11,0
0,0,0,0,1,23,0,0.0,0.08695652173913043,6,0.2608695652173913,3,0.13043478260869565,23,0
0,0,0,1,0,29,0,0.0,0.06896551724137931,6,0.20689655172413793,3,0.10344827586206896,25,0
1,2,0,0,0,64,5,0.078125,0.015625,7,0.109375,5,0.078125,8,0
0,1,0,0,0,23,0,0.0,0.043478260869565216,6,0.2608695652173913,4,0.17391304347826086,4,0
1,4,0,0,1,70,2,0.02857142857142857,0.02857142857142857,10,0.14285714285714285,6,0.08571428571428572,30,0
1,2,1,1,0,70,1,0.014285714285714285,0.04285714285714286,9,0.12857142857142856,4,0.05714285714285714,35,0
1,4,0,0,0,60,0,0.0,0.1,13,0.21666666666666667,6,0.1,20,0
0,0,0,1,0,30,0,0.0,0.06666666666666667,6,0.2,3,0.1,26,0
0,0,0,0,0,35,0,0.0,0.05714285714285714,6,0.17142857142857143,3,0.08571428571428572,27,0
0,2,0,0,0,43,0,0.0,0.06976744186046512,8,0.18604651162790697,4,0.09302325581395349,26,0
0,0,0,0,1,21,0,0.0,0.09523809523809523,6,0.2857142857142857,3,0.14285714285714285,27,0
0,0,0,0,0,22,0,0.0,0.09090909090909091,6,0.2727272727272727,3,0.13636363636363635,24,0
0,1,0,0,0,34,0,0.0,0.11764705882352941,8,0.23529411764705882,3,0.08823529411764706,9,0
0,0,0,1,0,33,0,0.0,0.06060606060606061,6,0.18181818181818182,3,0.09090909090909091,29,0
1,3,1,0,0,70,1,0.014285714285714285,0.04285714285714286,9,0.12857142857142856,5,0.07142857142857142,12,0
0,0,0,0,0,24,0,0.0,0.08333333333333333,6,0.25,3,0.125,25,0
0,1,0,1,0,49,1,0.02040816326530612,0.061224489795918366,10,0.20408163265306123,3,0.061224489795918366,30,0
1,3,0,0,0,70,2,0.02857142857142857,0.014285714285714285,7,0.1,5,0.07142857142857142,28,0
1,1,0,0,0,65,0,0.0,0.06153846153846154,12,0.18461538461538463,3,0.046153846153846156,22,0
0,0,0,0,0,27,0,0.0,0.07407407407407407,6,0.2222222222222222,3,0.1111111111111111,29,0
0,1,1,0,0,32,0,0.0,0.0625,7,0.21875,4,0.125,27,0
0,1,0,1,0,45,0,0.0,0.06666666666666667,8,0.17777777777777778,3,0.06666666666666667,32,0
1,3,0,0,0,67,0,0.0,0.04477611940298507,11,0.16417910447761194,5,0.07462686567164178,31,0
0,2,1,0,0,44,0,0.0,0.06818181818181818,9,0.20454545454545456,4,0.09090909090909091,10,0
0,3,0,1,0,44,0,0.0,0.045454545454545456,9,0.20454545454545456,5,0.11363636363636363,11,0
0,0,0,0,0,25,0,0.0,0.08,6,0.24,3,0.12,27,0
1,3,0,1,0,65,0,0.0,0.03076923076923077,8,0.12307692307692308,5,0.07692307692307693,23,0
